/*
Post-Deployment Script Template							
--------------------------------------------------------------------------------------
 This file contains SQL statements that will be appended to the build script.		
 Use SQLCMD syntax to include a file in the post-deployment script.			
 Example:      :r .\myfile.sql								
 Use SQLCMD syntax to reference a variable in the post-deployment script.		
 Example:      :setvar TableName MyTable							
               SELECT * FROM [$(TableName)]					
--------------------------------------------------------------------------------------
*/

IF NOT EXISTS (SELECT * FROM [dbo].[Settings])
BEGIN
	-- Disable constraints for all tables:
	EXEC sp_msforeachtable 'ALTER TABLE ? NOCHECK CONSTRAINT all'

	INSERT [dbo].[FileStatus] ([Name]) VALUES (N'Uploading')
	INSERT [dbo].[FileStatus] ([Name]) VALUES (N'Uploaded')
	INSERT [dbo].[FileStatus] ([Name]) VALUES (N'Failed')
	INSERT [dbo].[FileStatus] ([Name]) VALUES (N'Verified')
	INSERT [dbo].[FileStatus] ([Name]) VALUES (N'Quarantined')
	INSERT [dbo].[FileStatus] ([Name]) VALUES (N'Recycled')
	INSERT [dbo].[FileStatus] ([Name]) VALUES (N'Deleted')
	

	INSERT [dbo].[MembershipUser] ([UserName], [Password], [PasswordSalt], [Email], [PasswordQuestion], [PasswordAnswer], [IsApproved], [IsLockedOut], [IsBanned], [CreatedAtUTC],[ModifiedAtUTC], [LastLoginDateUTC], [LastPasswordChangedDateUTC], [LastLockoutDateUTC], [LastActivityDateUTC], [FailedPasswordAttemptCount], [FailedPasswordAnswerAttempt], [PasswordResetToken], [PasswordResetTokenCreatedAtUTC], [Slug],  [IsExternalAccount], [LoginIdExpiresUTC], [HasAgreedToTermsAndConditions], [IsTrustedUser], [FirstName], [Surname], [Initials] ,[Pronouns], [ImageId], [IsDeleted]) VALUES (N'admin@futurenhs.co.uk', N'HkFI1o9bblG9zZOyMubT9BGyEscHTso/ieiz/4Em3zk=', N'Qn9tR051BS0cUSyVJbdg55VnRO4G22Ny', N'admin@futurenhs.co.uk',NULL,NULL,1,0,0,(SELECT GETUTCDATE()),NULL,NULL,NULL,NULL,NULL,0,0,NULL,NULL,N'admin',0,NULL,1,1,N'Admin',N'Account',N'AA',NULL,NULL,0)			
	INSERT [dbo].[MembershipUser] ([UserName], [Password], [PasswordSalt], [Email], [PasswordQuestion], [PasswordAnswer], [IsApproved], [IsLockedOut], [IsBanned], [CreatedAtUTC],[ModifiedAtUTC], [LastLoginDateUTC], [LastPasswordChangedDateUTC], [LastLockoutDateUTC], [LastActivityDateUTC], [FailedPasswordAttemptCount], [FailedPasswordAnswerAttempt], [PasswordResetToken], [PasswordResetTokenCreatedAtUTC], [Slug],  [IsExternalAccount], [LoginIdExpiresUTC], [HasAgreedToTermsAndConditions], [IsTrustedUser], [FirstName], [Surname], [Initials] ,[Pronouns], [ImageId], [IsDeleted]) VALUES (N'membershipuser@futurenhs.co.uk', N'HkFI1o9bblG9zZOyMubT9BGyEscHTso/ieiz/4Em3zk=', N'Qn9tR051BS0cUSyVJbdg55VnRO4G22Ny', N'membershipuser@futurenhs.co.uk',NULL,NULL,1,0,0,(SELECT GETUTCDATE()),NULL,NULL,NULL,NULL,NULL,0,0,NULL,NULL,N'membershipuser',0,NULL,1,1,N'MembershipUser',N'Account',N'MA',NULL,NULL,0)			

	INSERT [dbo].[Identity] ([MembershipUser_Id], [Subject_Id], [Issuer]) VALUES ((SELECT id FROM MembershipUser WHERE UserName ='admin@futurenhs.co.uk'), N'20b6eb88-0218-473c-9d37-51ba5c7f5ffb', N'CDSB2CTEST.onmicrosoft.com');
	INSERT [dbo].[Identity] ([MembershipUser_Id], [Subject_Id], [Issuer]) VALUES ((SELECT id FROM MembershipUser WHERE UserName ='membershipuser@futurenhs.co.uk'), N'9a9a1c10-52ca-4774-aeef-14a745c39d55', N'CDSB2CTEST.onmicrosoft.com');
	
	INSERT [dbo].[MembershipRole] ([RoleName]) VALUES (N'Admin')
	INSERT [dbo].[MembershipRole] ([RoleName]) VALUES (N'Standard Members')
	INSERT [dbo].[MembershipRole] ([RoleName]) VALUES (N'Guest')

	INSERT [dbo].[MembershipUsersInRoles] ([UserIdentifier], [RoleIdentifier]) VALUES ((SELECT Id FROM [dbo].[MembershipUser] WHERE [UserName] ='admin@futurenhs.co.uk'), (SELECT Id FROM [dbo].[MembershipRole] WHERE [RoleName] = 'Admin'))
	INSERT [dbo].[MembershipUsersInRoles] ([UserIdentifier], [RoleIdentifier]) VALUES ((SELECT Id FROM [dbo].[MembershipUser] WHERE [UserName] ='membershipuser@futurenhs.co.uk'), (SELECT Id FROM [dbo].[MembershipRole] WHERE [RoleName] = 'Standard Members'))

	INSERT [dbo].[Language] ([Name], [LanguageCulture], [FlagImageFileName], [RightToLeft]) VALUES ( N'English (United Kingdom)', N'en-GB', NULL, 0)

	INSERT [dbo].[Permission] ([Name], [IsGlobal]) VALUES (N'Edit Posts', 0)
	INSERT [dbo].[Permission] ([Name], [IsGlobal]) VALUES (N'Read Only', 0)
	INSERT [dbo].[Permission] ([Name], [IsGlobal]) VALUES (N'Sticky Discussions', 0)
	INSERT [dbo].[Permission] ([Name], [IsGlobal]) VALUES (N'Delete Posts', 0)
	INSERT [dbo].[Permission] ([Name], [IsGlobal]) VALUES (N'Lock Discussions', 0)
	INSERT [dbo].[Permission] ([Name], [IsGlobal]) VALUES (N'Vote In Polls', 0)
	INSERT [dbo].[Permission] ([Name], [IsGlobal]) VALUES (N'Create Polls', 0)
	INSERT [dbo].[Permission] ([Name], [IsGlobal]) VALUES (N'Create Discussions', 0)
	INSERT [dbo].[Permission] ([Name], [IsGlobal]) VALUES (N'Attach Files', 0)
	INSERT [dbo].[Permission] ([Name], [IsGlobal]) VALUES (N'Deny Access', 0)
	INSERT [dbo].[Permission] ([Name], [IsGlobal]) VALUES (N'Edit Members', 1)
	INSERT [dbo].[Permission] ([Name], [IsGlobal]) VALUES (N'Insert Editor Images', 1)
	INSERT [dbo].[Permission] ([Name], [IsGlobal]) VALUES (N'Create Tags', 0)

	INSERT [dbo].[Settings] ([ForumName], [ForumUrl], [PageTitle], [MetaDesc], [IsClosed], [EnableRSSFeeds], [DisplayEditedBy], [EnablePostFileAttachments], [EnableMarkAsSolution], [MarkAsSolutionReminderTimeFrame], [EnableSpamReporting], [EnableMemberReporting], [EnableEmailSubscriptions], [ManuallyAuthoriseNewMembers], [NewMemberEmailConfirmation], [EmailAdminOnNewMemberSignUp], [DiscussionsPerPage], [PostsPerPage], [ActivitiesPerPage], [EnablePrivateMessages], [MaxPrivateMessagesPerMember], [PrivateMessageFloodControl], [EnableSignatures], [EnablePoints], [PointsAllowedForExtendedProfile], [PointsAllowedToVoteAmount], [PointsAddedPerPost], [PointsAddedPostiveVote], [PointsDeductedNagativeVote], [PointsAddedForSolution], [AdminEmailAddress], [NotificationReplyEmail], [SMTP], [SMTPUsername], [SMTPPassword], [SMTPPort], [SMTPEnableSSL], [Theme], [EnableSocialLogins], [SpamQuestion], [SpamAnswer], [EnableAkisment], [AkismentKey], [CurrentDatabaseVersion], [EnablePolls], [SuspendRegistration], [CustomHeaderCode], [CustomFooterCode], [EnableEmoticons], [DisableDislikeButton], [AgreeToTermsAndConditions], [TermsAndConditions], [DisableStandardRegistration], [ExtendedDataString], [DefaultLanguage_Id], [NewMemberStartingRole]) VALUES (N'MvcForum', N'http://www.mydomain.com', NULL, NULL, 0, 1, 1, 0, 1, 7, 1, 1, 1, 0, 0, 1, 5, 7, 1, 1, 50, 0, 0, 1, 1, 1, 1, 2, 2, 4, N'info@futurenhs.cds.co.uk', N'info@futurenhs.cds.co.uk', N'smtp.sendgrid.net', N'apikey', N'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', N'', 0, N'default', 0, NULL, NULL, 0, NULL, NULL, 1, 0, N'<script> console.log("hello"); </script>
	', NULL, 1, 0, 0, NULL, 0, NULL, (SELECT Id FROM [dbo].[Language] WHERE [LanguageCulture] = 'en-GB'), (SELECT Id FROM [dbo].[MembershipRole] WHERE [RoleName] = 'Standard Members'))
    
	INSERT [dbo].[SystemPage] ([Slug], [Title], [Content], [IsDeleted]) VALUES (N'accessibility-statement', N'Accessibility Statement', N'<p><strong style="margin: 0px; padding: 0px;">Lorem Ipsum</strong>&nbsp;is simply dummy text of the printing and typesetting</p>
	<p><strong style="margin: 0px; padding: 0px;">Lorem Ipsum</strong>&nbsp;is simply dummy text of the printing and typesetting industry. Lorem Ipsum has been the industry''s standard dummy text ever since the 1500s, when an unknown printer took a galley of type and scrambled it to make a type specimen book. It has survived not only five centuries, but also the leap into electronic typesetting, remaining essentially unchanged. It was popularised in the 1960s with the release of Letraset sheets containing Lorem Ipsum passages, and more recently with desktop publishing software like Aldus PageMaker including versions of Lorem Ipsum.</p>
	<p><strong style="margin: 0px; padding: 0px;">Lorem Ipsum</strong>&nbsp;is simply dummy text of the printing and typesetting industry. Lorem Ipsum has been the industry''s standard dummy text ever since the 1500s, when an unknown printer took a galley of type and scrambled it to make a type specimen book. It has survived not only five centuries, but also the leap into electronic typesetting, remaining essentially unchanged. It was popularised in the 1960s with the release of Letraset sheets containing Lorem Ipsum passages, and more recently with desktop publishing software like Aldus PageMaker including versions of Lorem Ipsum.</p>', 0)
	INSERT [dbo].[SystemPage] ([Slug], [Title], [Content], [IsDeleted]) VALUES (N'privacy-policy', N'Privacy Policy', N'<p style="margin: 0px 0px 15px; padding: 0px; text-align: justify; color: #000000; font-family: ''Open Sans'', Arial, sans-serif; font-size: 14px;">It is a long established fact that a reader will be distracted by the readable content of a page when looking at its layout. The point of using Lorem Ipsum is that it has a more-or-less normal distribution of letters, as opposed to using ''Content here, content here'', making it look like readable English. Many desktop publishing packages and web page editors now use Lorem Ipsum as their default model text, and a search for ''lorem ipsum'' will uncover many web sites still in their infancy. Various versions have evolved over the years, sometimes by accident, sometimes on purpose (injected humour and the like).</p>
	<p style="margin: 0px 0px 15px; padding: 0px; text-align: justify; color: #000000; font-family: ''Open Sans'', Arial, sans-serif; font-size: 14px;">It is a long established fact that a reader will be distracted by the readable content of a page when looking at its layout. The point of using Lorem Ipsum is that it has a more-or-less normal distribution of letters, as opposed to using ''Content here, content here'', making it look like readable English. Many desktop publishing packages and web page editors now use Lorem Ipsum as their default model text, and a search for ''lorem ipsum'' will uncover many web sites still in their infancy. Various versions have evolved over the years, sometimes by accident, sometimes on purpose (injected humour and the like).</p>
	<p style="margin: 0px 0px 15px; padding: 0px; text-align: justify; color: #000000; font-family: ''Open Sans'', Arial, sans-serif; font-size: 14px;">It is a long established fact that a reader will be distracted by the readable content of a page when looking at its layout. The point of using Lorem Ipsum is that it has a more-or-less normal distribution of letters, as opposed to using ''Content here, content here'', making it look like readable English. Many desktop publishing packages and web page editors now use Lorem Ipsum as their default model text, and a search for ''lorem ipsum'' will uncover many web sites still in their infancy. Various versions have evolved over the years, sometimes by accident, sometimes on purpose (injected humour and the like).</p>
	<p style="margin: 0px 0px 15px; padding: 0px; text-align: justify; color: #000000; font-family: ''Open Sans'', Arial, sans-serif; font-size: 14px;">It is a long established fact that a reader will be distracted by the readable content of a page when looking at its layout. The point of using Lorem Ipsum is that it has a more-or-less normal distribution of letters, as opposed to using ''Content here, content here'', making it look like readable English. Many desktop publishing packages and web page editors now use Lorem Ipsum as their default model text, and a search for ''lorem ipsum'' will uncover many web sites still in their infancy. Various versions have evolved over the years, sometimes by accident, sometimes on purpose (injected humour and the like).</p>
	<p style="margin: 0px 0px 15px; padding: 0px; text-align: justify; color: #000000; font-family: ''Open Sans'', Arial, sans-serif; font-size: 14px;">It is a long established fact that a reader will be distracted by the readable content of a page when looking at its layout. The point of using Lorem Ipsum is that it has a more-or-less normal distribution of letters, as opposed to using ''Content here, content here'', making it look like readable English. Many desktop publishing packages and web page editors now use Lorem Ipsum as their default model text, and a search for ''lorem ipsum'' will uncover many web sites still in their infancy. Various versions have evolved over the years, sometimes by accident, sometimes on purpose (injected humour and the like).</p>
	<p>&nbsp;</p>', 0)
	INSERT [dbo].[SystemPage] ([Slug], [Title], [Content], [IsDeleted]) VALUES (N'terms-and-conditions', N'Terms and Conditions', N'<p style="text-align: justify; margin: 0in 0in 11.25pt 0in;"><span style="font-size: 10.5pt; font-family: ''Arial'',''sans-serif''; color: black;">Here is a link to a generic systems page thats not got a reserved url:&nbsp;<a href="/pages/terms-link">https://futurenhs.cds.co.uk/pages/terms-link</a></span></p>
	<p style="text-align: justify; margin: 0in 0in 11.25pt 0in;"><span style="font-size: 10.5pt; font-family: ''Arial'',''sans-serif''; color: black;">Contrary to popular belief, Lorem Ipsum is not simply random text. It has roots in a piece of classical Latin literature from 45 BC, making it over 2000 years old. Richard McClintock, a Latin professor at Hampden-Sydney College in Virginia, looked up one of the more obscure Latin words, consectetur, from a Lorem Ipsum passage, and going through the cites of the word in classical literature, discovered the undoubtable source. Lorem Ipsum comes from sections 1.10.32 and 1.10.33 of "de Finibus Bonorum et Malorum" (The Extremes of Good and Evil) by Cicero, written in 45 BC. This book is a treatise on the theory of ethics, very popular during the Renaissance. The first line of Lorem Ipsum, "Lorem ipsum dolor sit amet..", comes from a line in section 1.10.32.</span></p>
	<p style="margin: 0px 0px 15px; padding: 0px; text-align: justify; color: #000000; font-family: ''Open Sans'', Arial, sans-serif; font-size: 14px;"><span style="font-size: 10.5pt; font-family: ''Arial'',''sans-serif''; color: black;">Contrary to popular belief, Lorem Ipsum is not simply random text. It has roots in a piece of classical Latin literature from 45 BC, making it over 2000 years old. Richard McClintock, a Latin professor at Hampden-Sydney College in Virginia, looked up one of the more obscure Latin words, consectetur, from a Lorem Ipsum passage, and going through the cites of the word in classical literature, discovered the undoubtable source. Lorem Ipsum comes from sections 1.10.32 and 1.10.33 of "de Finibus Bonorum et Malorum" (The Extremes of Good and Evil) by Cicero, written in 45 BC. This book is a treatise on the theory of ethics, very popular during the Renaissance. The first line of Lorem Ipsum, "Lorem ipsum dolor sit amet..", comes from a line in section 1.10.32.</span></p>
	<p style="margin: 0px 0px 15px; padding: 0px; text-align: justify; color: #000000; font-family: ''Open Sans'', Arial, sans-serif; font-size: 14px;"><span style="font-size: 10.5pt; font-family: ''Arial'',''sans-serif''; color: black;">Contrary to popular belief, Lorem Ipsum is not simply random text. It has roots in a piece of classical Latin literature from 45 BC, making it over 2000 years old. Richard McClintock, a Latin professor at Hampden-Sydney College in Virginia, looked up one of the more obscure Latin words, consectetur, from a Lorem Ipsum passage, and going through the cites of the word in classical literature, discovered the undoubtable source. Lorem Ipsum comes from sections 1.10.32 and 1.10.33 of "de Finibus Bonorum et Malorum" (The Extremes of Good and Evil) by Cicero, written in 45 BC. This book is a treatise on the theory of ethics, very popular during the Renaissance. The first line of Lorem Ipsum, "Lorem ipsum dolor sit amet..", comes from a line in section 1.10.32.</span></p>
	<p style="text-align: justify; margin: 0in 0in 11.25pt 0in;"><span style="font-size: 10.5pt; font-family: ''Arial'',''sans-serif''; color: black;">Contrary to popular belief, Lorem Ipsum is not simply random text. It has roots in a piece of classical Latin literature from 45 BC, making it over 2000 years old. Richard McClintock, a Latin professor at Hampden-Sydney College in Virginia, looked up one of the more obscure Latin words, consectetur, from a Lorem Ipsum passage, and going through the cites of the word in classical literature, discovered the undoubtable source. Lorem Ipsum comes from sections 1.10.32 and 1.10.33 of "de Finibus Bonorum et Malorum" (The Extremes of Good and Evil) by Cicero, written in 45 BC. This book is a treatise on the theory of ethics, very popular during the Renaissance. The first line of Lorem Ipsum, "Lorem ipsum dolor sit amet..", comes from a line in section 1.10.32.</span></p>
	<p style="margin: 0px 0px 15px; padding: 0px; text-align: justify; color: #000000; font-family: ''Open Sans'', Arial, sans-serif; font-size: 14px;"><span style="font-size: 10.5pt; font-family: ''Arial'',''sans-serif''; color: black;">Contrary to popular belief, Lorem Ipsum is not simply random text. It has roots in a piece of classical Latin literature from 45 BC, making it over 2000 years old. Richard McClintock, a Latin professor at Hampden-Sydney College in Virginia, looked up one of the more obscure Latin words, consectetur, from a Lorem Ipsum passage, and going through the cites of the word in classical literature, discovered the undoubtable source. Lorem Ipsum comes from sections 1.10.32 and 1.10.33 of "de Finibus Bonorum et Malorum" (The Extremes of Good and Evil) by Cicero, written in 45 BC. This book is a treatise on the theory of ethics, very popular during the Renaissance. The first line of Lorem Ipsum, "Lorem ipsum dolor sit amet..", comes from a line in section 1.10.32.</span></p>
	<p style="margin: 0px 0px 15px; padding: 0px; text-align: justify; color: #000000; font-family: ''Open Sans'', Arial, sans-serif; font-size: 14px;"><span style="font-size: 10.5pt; font-family: ''Arial'',''sans-serif''; color: black;">Contrary to popular belief, Lorem Ipsum is not simply random text. It has roots in a piece of classical Latin literature from 45 BC, making it over 2000 years old. Richard McClintock, a Latin professor at Hampden-Sydney College in Virginia, looked up one of the more obscure Latin words, consectetur, from a Lorem Ipsum passage, and going through the cites of the word in classical literature, discovered the undoubtable source. Lorem Ipsum comes from sections 1.10.32 and 1.10.33 of "de Finibus Bonorum et Malorum" (The Extremes of Good and Evil) by Cicero, written in 45 BC. This book is a treatise on the theory of ethics, very popular during the Renaissance. The first line of Lorem Ipsum, "Lorem ipsum dolor sit amet..", comes from a line in section 1.10.32.</span></p>
	<p style="text-align: justify; margin: 0in 0in 11.25pt 0in;"><span style="font-size: 10.5pt; font-family: ''Arial'',''sans-serif''; color: black;">Contrary to popular belief, Lorem Ipsum is not simply random text. It has roots in a piece of classical Latin literature from 45 BC, making it over 2000 years old. Richard McClintock, a Latin professor at Hampden-Sydney College in Virginia, looked up one of the more obscure Latin words, consectetur, from a Lorem Ipsum passage, and going through the cites of the word in classical literature, discovered the undoubtable source. Lorem Ipsum comes from sections 1.10.32 and 1.10.33 of "de Finibus Bonorum et Malorum" (The Extremes of Good and Evil) by Cicero, written in 45 BC. This book is a treatise on the theory of ethics, very popular during the Renaissance. The first line of Lorem Ipsum, "Lorem ipsum dolor sit amet..", comes from a line in section 1.10.32.</span></p>
	<p style="margin: 0px 0px 15px; padding: 0px; text-align: justify; color: #000000; font-family: ''Open Sans'', Arial, sans-serif; font-size: 14px;"><span style="font-size: 10.5pt; font-family: ''Arial'',''sans-serif''; color: black;">Contrary to popular belief, Lorem Ipsum is not simply random text. It has roots in a piece of classical Latin literature from 45 BC, making it over 2000 years old. Richard McClintock, a Latin professor at Hampden-Sydney College in Virginia, looked up one of the more obscure Latin words, consectetur, from a Lorem Ipsum passage, and going through the cites of the word in classical literature, discovered the undoubtable source. Lorem Ipsum comes from sections 1.10.32 and 1.10.33 of "de Finibus Bonorum et Malorum" (The Extremes of Good and Evil) by Cicero, written in 45 BC. This book is a treatise on the theory of ethics, very popular during the Renaissance. The first line of Lorem Ipsum, "Lorem ipsum dolor sit amet..", comes from a line in section 1.10.32.</span></p>
	<p style="margin: 0px 0px 15px; padding: 0px; text-align: justify; color: #000000; font-family: ''Open Sans'', Arial, sans-serif; font-size: 14px;"><span style="font-size: 10.5pt; font-family: ''Arial'',''sans-serif''; color: black;">Contrary to popular belief, Lorem Ipsum is not simply random text. It has roots in a piece of classical Latin literature from 45 BC, making it over 2000 years old. Richard McClintock, a Latin professor at Hampden-Sydney College in Virginia, looked up one of the more obscure Latin words, consectetur, from a Lorem Ipsum passage, and going through the cites of the word in classical literature, discovered the undoubtable source. Lorem Ipsum comes from sections 1.10.32 and 1.10.33 of "de Finibus Bonorum et Malorum" (The Extremes of Good and Evil) by Cicero, written in 45 BC. This book is a treatise on the theory of ethics, very popular during the Renaissance. The first line of Lorem Ipsum, "Lorem ipsum dolor sit amet..", comes from a line in section 1.10.32.</span></p>
	<p style="text-align: justify; margin: 0in 0in 11.25pt 0in;">&nbsp;</p>', 0)
	INSERT [dbo].[SystemPage] ([Slug], [Title], [Content], [IsDeleted]) VALUES (N'cookies', N'Cookies', N'<p>The standard chunk of Lorem Ipsum used since the 1500s is reproduced below for those interested. Sections 1.10.32 and 1.10.33 from "de Finibus Bonorum et Malorum" by Cicero are also reproduced in their exact original form, accompanied by English versions from the 1914 translation by H. Rackham.</p>
	<p>The standard chunk of Lorem Ipsum used since the 1500s is reproduced below for those interested. Sections 1.10.32 and 1.10.33 from "de Finibus Bonorum et Malorum" by Cicero are also reproduced in their exact original form, accompanied by English versions from the 1914 translation by H. Rackham.</p>
	<p>The standard chunk of Lorem Ipsum used since the 1500s is reproduced below for those interested. Sections 1.10.32 and 1.10.33 from "de Finibus Bonorum et Malorum" by Cicero are also reproduced in their exact original form, accompanied by English versions from the 1914 translation by H. Rackham.</p>
	<p>The standard chunk of Lorem Ipsum used since the 1500s is reproduced below for those interested. Sections 1.10.32 and 1.10.33 from "de Finibus Bonorum et Malorum" by Cicero are also reproduced in their exact original form, accompanied by English versions from the 1914 translation by H. Rackham.</p>', 0)
	INSERT [dbo].[SystemPage] ([Slug], [Title], [Content], [IsDeleted]) VALUES (N'contact-us', N'Contact Us', N'<p style="margin: 0px 0px 15px; padding: 0px; text-align: justify; color: #000000; font-family: ''Open Sans'', Arial, sans-serif; font-size: 14px;">"Sed ut perspiciatis unde omnis iste natus error sit voluptatem accusantium doloremque laudantium, totam rem aperiam, eaque ipsa quae ab illo inventore veritatis et quasi architecto beatae vitae dicta sunt explicabo. Nemo enim ipsam voluptatem quia voluptas sit aspernatur aut odit aut fugit, sed quia consequuntur magni dolores eos qui ratione voluptatem sequi nesciunt. Neque porro quisquam est, qui dolorem ipsum quia dolor sit amet, consectetur, adipisci velit, sed quia non numquam eius modi tempora incidunt ut labore et dolore magnam aliquam quaerat voluptatem. Ut enim ad minima veniam, quis nostrum exercitationem ullam corporis suscipit laboriosam, nisi ut aliquid ex ea commodi consequatur? Quis autem vel eum iure reprehenderit qui in ea voluptate velit esse quam nihil molestiae consequatur, vel illum qui dolorem eum fugiat quo voluptas nulla pariatur?"</p>
	<p style="margin: 0px 0px 15px; padding: 0px; text-align: justify; color: #000000; font-family: ''Open Sans'', Arial, sans-serif; font-size: 14px;">"Sed ut perspiciatis unde omnis iste natus error sit voluptatem accusantium doloremque laudantium, totam rem aperiam, eaque ipsa quae ab illo inventore veritatis et quasi architecto beatae vitae dicta sunt explicabo. Nemo enim ipsam voluptatem quia voluptas sit aspernatur aut odit aut fugit, sed quia consequuntur magni dolores eos qui ratione voluptatem sequi nesciunt. Neque porro quisquam est, qui dolorem ipsum quia dolor sit amet, consectetur, adipisci velit, sed quia non numquam eius modi tempora incidunt ut labore et dolore magnam aliquam quaerat voluptatem. Ut enim ad minima veniam, quis nostrum exercitationem ullam corporis suscipit laboriosam, nisi ut aliquid ex ea commodi consequatur? Quis autem vel eum iure reprehenderit qui in ea voluptate velit esse quam nihil molestiae consequatur, vel illum qui dolorem eum fugiat quo voluptas nulla pariatur?"</p>
	<p style="margin: 0px 0px 15px; padding: 0px; text-align: justify; color: #000000; font-family: ''Open Sans'', Arial, sans-serif; font-size: 14px;">"Sed ut perspiciatis unde omnis iste natus error sit voluptatem accusantium doloremque laudantium, totam rem aperiam, eaque ipsa quae ab illo inventore veritatis et quasi architecto beatae vitae dicta sunt explicabo. Nemo enim ipsam voluptatem quia voluptas sit aspernatur aut odit aut fugit, sed quia consequuntur magni dolores eos qui ratione voluptatem sequi nesciunt. Neque porro quisquam est, qui dolorem ipsum quia dolor sit amet, consectetur, adipisci velit, sed quia non numquam eius modi tempora incidunt ut labore et dolore magnam aliquam quaerat voluptatem. Ut enim ad minima veniam, quis nostrum exercitationem ullam corporis suscipit laboriosam, nisi ut aliquid ex ea commodi consequatur? Quis autem vel eum iure reprehenderit qui in ea voluptate velit esse quam nihil molestiae consequatur, vel illum qui dolorem eum fugiat quo voluptas nulla pariatur?"</p>
	<p style="margin: 0px 0px 15px; padding: 0px; text-align: justify; color: #000000; font-family: ''Open Sans'', Arial, sans-serif; font-size: 14px;">"Sed ut perspiciatis unde omnis iste natus error sit voluptatem accusantium doloremque laudantium, totam rem aperiam, eaque ipsa quae ab illo inventore veritatis et quasi architecto beatae vitae dicta sunt explicabo. Nemo enim ipsam voluptatem quia voluptas sit aspernatur aut odit aut fugit, sed quia consequuntur magni dolores eos qui ratione voluptatem sequi nesciunt. Neque porro quisquam est, qui dolorem ipsum quia dolor sit amet, consectetur, adipisci velit, sed quia non numquam eius modi tempora incidunt ut labore et dolore magnam aliquam quaerat voluptatem. Ut enim ad minima veniam, quis nostrum exercitationem ullam corporis suscipit laboriosam, nisi ut aliquid ex ea commodi consequatur? Quis autem vel eum iure reprehenderit qui in ea voluptate velit esse quam nihil molestiae consequatur, vel illum qui dolorem eum fugiat quo voluptas nulla pariatur?"</p>
	<p style="margin: 0px 0px 15px; padding: 0px; text-align: justify; color: #000000; font-family: ''Open Sans'', Arial, sans-serif; font-size: 14px;">"Sed ut perspiciatis unde omnis iste natus error sit voluptatem accusantium doloremque laudantium, totam rem aperiam, eaque ipsa quae ab illo inventore veritatis et quasi architecto beatae vitae dicta sunt explicabo. Nemo enim ipsam voluptatem quia voluptas sit aspernatur aut odit aut fugit, sed quia consequuntur magni dolores eos qui ratione voluptatem sequi nesciunt. Neque porro quisquam est, qui dolorem ipsum quia dolor sit amet, consectetur, adipisci velit, sed quia non numquam eius modi tempora incidunt ut labore et dolore magnam aliquam quaerat voluptatem. Ut enim ad minima veniam, quis nostrum exercitationem ullam corporis suscipit laboriosam, nisi ut aliquid ex ea commodi consequatur? Quis autem vel eum iure reprehenderit qui in ea voluptate velit esse quam nihil molestiae consequatur, vel illum qui dolorem eum fugiat quo voluptas nulla pariatur?"</p>
	<p style="margin: 0px 0px 15px; padding: 0px; text-align: justify; color: #000000; font-family: ''Open Sans'', Arial, sans-serif; font-size: 14px;">"Sed ut perspiciatis unde omnis iste natus error sit voluptatem accusantium doloremque laudantium, totam rem aperiam, eaque ipsa quae ab illo inventore veritatis et quasi architecto beatae vitae dicta sunt explicabo. Nemo enim ipsam voluptatem quia voluptas sit aspernatur aut odit aut fugit, sed quia consequuntur magni dolores eos qui ratione voluptatem sequi nesciunt. Neque porro quisquam est, qui dolorem ipsum quia dolor sit amet, consectetur, adipisci velit, sed quia non numquam eius modi tempora incidunt ut labore et dolore magnam aliquam quaerat voluptatem. Ut enim ad minima veniam, quis nostrum exercitationem ullam corporis suscipit laboriosam, nisi ut aliquid ex ea commodi consequatur? Quis autem vel eum iure reprehenderit qui in ea voluptate velit esse quam nihil molestiae consequatur, vel illum qui dolorem eum fugiat quo voluptas nulla pariatur?"</p>
	<p>&nbsp;</p>', 0)
	
	INSERT [dbo].[Group] ([Name], [Description], [IsLocked], [ModerateDiscussions], [ModerateComments], [SortOrder], [CreatedAtUtc], [Slug], [PublicGroup], [GroupOwner], [Subtitle], [Introduction], [AboutUs]) VALUES (N'GP Career Support Hub', N'Resources to support GPs at varying stages of their career', 0, 0, 0, 0, CAST(N'2021-06-01T08:58:41.317' AS DateTime), N'2d841d48-9753-463f-aff2-ad3a0093f48b', 0, (SELECT Id FROM [dbo].[MembershipUser] WHERE [UserName] ='admin'), N'Introduction', N'Support colleagues to share experiences, learning and resources on the digital transformation', N'Baatezu subtype bonus creation subschool divination druid fear aura granted power lawful magical beast type mentalism domain nauseated sorcerer spell domain total concealment travel domain. Abjuration alignment alternate form blindsight construct type damage fate domain fly free action halfling domain improved evasion infection lawful melee miniature figure modifier natural reach plant type player character result spell descriptor spell immunity strength domain subschool suffering domain swarm subtype unarmed attack untrained.')
	INSERT [dbo].[Group] ([Name], [Description], [IsLocked], [ModerateDiscussions], [ModerateComments], [SortOrder], [CreatedAtUtc], [Slug], [PublicGroup], [GroupOwner], [Subtitle], [Introduction], [AboutUs]) VALUES (N'PCN Development Support', N'Resources and tools to support Primary Care Network Development', 0, 0, 0, 0, CAST(N'2021-06-07T13:33:43.493' AS DateTime), N'0d1ea1e0-83f9-491f-b99a-ad4000df7f09', 0, (SELECT Id FROM [dbo].[MembershipUser] WHERE [UserName] ='admin'), N'Support colleagues to share experiences, learning and resources on the digital transformation', N'Support colleagues to share experiences, learning and resources on the digital transformation', NULL)
	INSERT [dbo].[Group] ([Name], [Description], [IsLocked], [ModerateDiscussions], [ModerateComments], [SortOrder], [CreatedAtUtc], [Slug], [PublicGroup], [GroupOwner], [Subtitle], [Introduction], [AboutUs]) VALUES (N'Digital Primary Care', N'Support colleagues to share experiences, learning and resources on the digital transformation', 0, 0, 0, 0, CAST(N'2021-08-31T15:57:29.117' AS DateTime), N'3e4a64dc-664a-4388-bc52-ad950106fb30', 0, (SELECT Id FROM [dbo].[MembershipUser] WHERE [UserName] ='admin'), N'Support colleagues to share experiences, learning and resources on the digital transformation', N'Support colleagues to share experiences, learning and resources on the digital transformation', NULL)
	INSERT [dbo].[Group] ([Name], [Description], [IsLocked], [ModerateDiscussions], [ModerateComments], [SortOrder], [CreatedAtUtc], [Slug], [PublicGroup], [GroupOwner], [Subtitle], [Introduction], [AboutUs]) VALUES (N'Integrated Care Network', N'A wealth of resources, materials and webinars to help individuals understand Integrated Care', 0, 0, 0, 0, CAST(N'2021-08-31T15:58:02.087' AS DateTime), N'integrated-care-network', 1, (SELECT Id FROM [dbo].[MembershipUser] WHERE [UserName] ='admin'), N'Support colleagues to share experiences, learning and resources on the digital transformation', N'Support colleagues to share experiences, learning and resources on the digital transformation', NULL)
	INSERT [dbo].[Group] ([Name], [Description], [IsLocked], [ModerateDiscussions], [ModerateComments], [SortOrder], [CreatedAtUtc], [Slug], [PublicGroup], [GroupOwner], [Subtitle], [Introduction], [AboutUs]) VALUES (N'Social Prescribing', N'Supporting social prescribing link workers – a network for news, resources and discussions', 0, 0, 0, 0, CAST(N'2021-11-08T14:53:23.520' AS DateTime), N'41234726-7e93-4767-afbe-adda00f560a2', 0, (SELECT Id FROM [dbo].[MembershipUser] WHERE [UserName] ='admin'), N'Support colleagues to share experiences, learning and resources on the digital transformation', N'Support colleagues to share experiences, learning and resources on the digital transformation', NULL)
	INSERT [dbo].[Group] ([Name], [Description], [IsLocked], [ModerateDiscussions], [ModerateComments], [SortOrder], [CreatedAtUtc], [Slug], [PublicGroup], [GroupOwner], [Subtitle], [Introduction], [AboutUs]) VALUES (N'Community Services and Ageing Well', N'Supporting fulfilment of ‘out-of-hospital care’ and fully integrated community-based care', 0, 0, 0, 0, CAST(N'2021-12-13T14:34:15.833' AS DateTime), N'b8c36360-ecbe-4ade-a3c2-adfd00f01faf', 0, (SELECT Id FROM [dbo].[MembershipUser] WHERE [UserName] ='admin'), NULL, N'Support colleagues to share experiences, learning and resources on the digital transformation', NULL)
	INSERT [dbo].[Group] ([Name], [Description], [IsLocked], [ModerateDiscussions], [ModerateComments], [SortOrder], [CreatedAtUtc], [Slug], [PublicGroup], [GroupOwner], [Subtitle], [Introduction], [AboutUs]) VALUES (N'Enhanced Health in Care Homes', N'Resources, case studies and further online support championing the work around EHCH', 0, 0, 0, 0, CAST(N'2021-11-08T14:53:23.520' AS DateTime), N'0cf5179b-b3d5-4610-8370-c6b5d9ce1b60', 0, (SELECT Id FROM [dbo].[MembershipUser] WHERE [UserName] ='admin'), N'Support colleagues to share experiences, learning and resources on the digital transformation', N'Support colleagues to share experiences, learning and resources on the digital transformation', NULL)
	INSERT [dbo].[Group] ([Name], [Description], [IsLocked], [ModerateDiscussions], [ModerateComments], [SortOrder], [CreatedAtUtc], [Slug], [PublicGroup], [GroupOwner], [Subtitle], [Introduction], [AboutUs]) VALUES (N'Population Health Management', N'Learn about PHM, including resources to support core PHM capabilities', 0, 0, 0, 0, CAST(N'2021-12-13T14:34:15.833' AS DateTime), N'population-health-management', 0, (SELECT Id FROM [dbo].[MembershipUser] WHERE [UserName] ='admin'), NULL, N'Support colleagues to share experiences, learning and resources on the digital transformation', NULL)	
	INSERT [dbo].[Group] ([Name], [Description], [IsLocked], [ModerateDiscussions], [ModerateComments], [SortOrder], [CreatedAtUtc], [Slug], [PublicGroup], [GroupOwner], [Subtitle], [Introduction], [AboutUs]) VALUES (N'2021/22 Mental Health Workforce', N'The Operational Planning process for 2021/22 will ', 0, 0, 0, 0, CAST(N'2021-06-01T08:58:41.317' AS DateTime), N'e8a897ae-b6fa-4fa2-9d56-284565494ed8', 0, (SELECT Id FROM [dbo].[MembershipUser] WHERE [UserName] ='admin'), N'Introduction', N'Support colleagues to share experiences, learning and resources on the digital transformation', N'Baatezu subtype bonus creation subschool divination druid fear aura granted power lawful magical beast type mentalism domain nauseated sorcerer spell domain total concealment travel domain. Abjuration alignment alternate form blindsight construct type damage fate domain fly free action halfling domain improved evasion infection lawful melee miniature figure modifier natural reach plant type player character result spell descriptor spell immunity strength domain subschool suffering domain swarm subtype unarmed attack untrained.')
	INSERT [dbo].[Group] ([Name], [Description], [IsLocked], [ModerateDiscussions], [ModerateComments], [SortOrder], [CreatedAtUtc], [Slug], [PublicGroup], [GroupOwner], [Subtitle], [Introduction], [AboutUs]) VALUES (N'The Clinical Digital Resource Collaborative (CDRC)', N'The Clinical Digital Resource Collaborative (CDRC) is a collaboration between the Academic Health Science Network for North East and North Cumbria (AHSN NENC)', 0, 0, 0, 0, CAST(N'2021-06-07T13:33:43.493' AS DateTime), N'ccaead1d-e923-47f7-bdca-a406394128a7', 0, (SELECT Id FROM [dbo].[MembershipUser] WHERE [UserName] ='admin'), N'Support colleagues to share experiences, learning and resources on the digital transformation', N'Support colleagues to share experiences, learning and resources on the digital transformation', NULL)
	INSERT [dbo].[Group] ([Name], [Description], [IsLocked], [ModerateDiscussions], [ModerateComments], [SortOrder], [CreatedAtUtc], [Slug], [PublicGroup], [GroupOwner], [Subtitle], [Introduction], [AboutUs]) VALUES (N'GP referral pathway', N'pathway to the NHS Community Pharmacist Consultation Service', 0, 0, 0, 0, CAST(N'2021-08-31T15:57:29.117' AS DateTime), N'abee48ee-041e-497b-926d-afbb954b6640', 0, (SELECT Id FROM [dbo].[MembershipUser] WHERE [UserName] ='admin'), N'Support colleagues to share experiences, learning and resources on the digital transformation', N'Support colleagues to share experiences, learning and resources on the digital transformation', NULL)
	INSERT [dbo].[Group] ([Name], [Description], [IsLocked], [ModerateDiscussions], [ModerateComments], [SortOrder], [CreatedAtUtc], [Slug], [PublicGroup], [GroupOwner], [Subtitle], [Introduction], [AboutUs]) VALUES (N'Care coordination in primary care', N'NHS England and NHS Improvement in collaboration with Health Education England and Birmingham City University', 0, 0, 0, 0, CAST(N'2021-08-31T15:58:02.087' AS DateTime), N'c21f4b9e-5fcb-4665-a50e-c4a104042905', 1, (SELECT Id FROM [dbo].[MembershipUser] WHERE [UserName] ='admin'), N'Support colleagues to share experiences, learning and resources on the digital transformation', N'Support colleagues to share experiences, learning and resources on the digital transformation', NULL)
	INSERT [dbo].[Group] ([Name], [Description], [IsLocked], [ModerateDiscussions], [ModerateComments], [SortOrder], [CreatedAtUtc], [Slug], [PublicGroup], [GroupOwner], [Subtitle], [Introduction], [AboutUs]) VALUES (N'Digital first: moving to online triage and consultations', N'Digital first: moving to online triage and consultations', 0, 0, 0, 0, CAST(N'2021-11-08T14:53:23.520' AS DateTime), N'8d696d13-4a4c-4fb6-a7ea-bed5cb43c4c1', 0, (SELECT Id FROM [dbo].[MembershipUser] WHERE [UserName] ='admin'), N'Support colleagues to share experiences, learning and resources on the digital transformation', N'Support colleagues to share experiences, learning and resources on the digital transformation', NULL)
	INSERT [dbo].[Group] ([Name], [Description], [IsLocked], [ModerateDiscussions], [ModerateComments], [SortOrder], [CreatedAtUtc], [Slug], [PublicGroup], [GroupOwner], [Subtitle], [Introduction], [AboutUs]) VALUES (N'NHS Long Term Plan', N'As medicine advances, health needs change and society develops, the NHS has to continually move forward so that in 10 years time we have a service fit for the future. The NHS Long Term Plan is drawn up by frontline staff, patients groups, and national experts to be ambitious but realistic', 0, 0, 0, 0, CAST(N'2021-12-13T14:34:15.833' AS DateTime), N'fd7cec57-7e07-4907-853e-0ee2192c5de0', 0, (SELECT Id FROM [dbo].[MembershipUser] WHERE [UserName] ='admin'), NULL, N'Support colleagues to share experiences, learning and resources on the digital transformation', NULL)
	INSERT [dbo].[Group] ([Name], [Description], [IsLocked], [ModerateDiscussions], [ModerateComments], [SortOrder], [CreatedAtUtc], [Slug], [PublicGroup], [GroupOwner], [Subtitle], [Introduction], [AboutUs]) VALUES (N'People in health and care guidance', N'Patient and public participation in commissioning health and care: statutory guidance for CCGs and NHS England', 0, 0, 0, 0, CAST(N'2021-11-08T14:53:23.520' AS DateTime), N'77150949-4469-4ee5-9cbc-84eed2a59d27', 0, (SELECT Id FROM [dbo].[MembershipUser] WHERE [UserName] ='admin'), N'Support colleagues to share experiences, learning and resources on the digital transformation', N'Support colleagues to share experiences, learning and resources on the digital transformation', NULL)
	INSERT [dbo].[Group] ([Name], [Description], [IsLocked], [ModerateDiscussions], [ModerateComments], [SortOrder], [CreatedAtUtc], [Slug], [PublicGroup], [GroupOwner], [Subtitle], [Introduction], [AboutUs]) VALUES (N'Public Health Outcomes Framework', N'The Public Health Outcomes Framework sets out a vision for public health, that is to improve and protect the nations health and improve the health of the poorest fastest', 0, 0, 0, 0, CAST(N'2021-12-13T14:34:15.833' AS DateTime), N'4f25fc91-1da8-4591-9b24-907e0f51966c', 0, (SELECT Id FROM [dbo].[MembershipUser] WHERE [UserName] ='admin'), NULL, N'Support colleagues to share experiences, learning and resources on the digital transformation', NULL)
	INSERT [dbo].[Group] ([Name], [Description], [IsLocked], [ModerateDiscussions], [ModerateComments], [SortOrder], [CreatedAtUtc], [Slug], [PublicGroup], [GroupOwner], [Subtitle], [Introduction], [AboutUs], [ThemeId]) VALUES (N'Group With Theme 1', N'Showing theme 1', 0, 0, 0, 0, CAST(N'2021-12-13T14:34:15.833' AS DateTime), N'group-theme-1', 0, (SELECT Id FROM [dbo].[MembershipUser] WHERE [UserName] ='admin'), NULL, N'Support colleagues to share experiences, learning and resources on the digital transformation', NULL, N'36d49305-eca8-4176-bfea-d25af21469b9')
	INSERT [dbo].[Group] ([Name], [Description], [IsLocked], [ModerateDiscussions], [ModerateComments], [SortOrder], [CreatedAtUtc], [Slug], [PublicGroup], [GroupOwner], [Subtitle], [Introduction], [AboutUs], [ThemeId]) VALUES (N'Group With Theme 2', N'Showing theme 2', 0, 0, 0, 0, CAST(N'2021-12-13T14:34:15.833' AS DateTime), N'group-theme-2', 0, (SELECT Id FROM [dbo].[MembershipUser] WHERE [UserName] ='admin'), NULL, N'Support colleagues to share experiences, learning and resources on the digital transformation', NULL, N'0fca6809-a71f-4733-a622-343967acbad9')
	INSERT [dbo].[Group] ([Name], [Description], [IsLocked], [ModerateDiscussions], [ModerateComments], [SortOrder], [CreatedAtUtc], [Slug], [PublicGroup], [GroupOwner], [Subtitle], [Introduction], [AboutUs], [ThemeId]) VALUES (N'Group With Theme 3', N'Showing theme 3', 0, 0, 0, 0, CAST(N'2021-12-13T14:34:15.833' AS DateTime), N'group-theme-3', 0, (SELECT Id FROM [dbo].[MembershipUser] WHERE [UserName] ='admin'), NULL, N'Support colleagues to share experiences, learning and resources on the digital transformation', NULL, N'9a3c911b-c3d3-4f58-a32a-d541e0f5bf56')

	INSERT [dbo].[GroupSite] ([GroupId], [ContentRootId], [CreatedBy], [CreatedAtUTC]) VALUES ((SELECT Id FROM [dbo].[Group] WHERE [Slug] = 'e8a897ae-b6fa-4fa2-9d56-284565494ed8'), N'1ffeeb7b-afe6-4e83-aea5-25dab93dda45', (SELECT CreatedBy FROM [dbo].[Group] WHERE [Id] = ((SELECT Id FROM [dbo].[Group] WHERE [Slug] = 'e8a897ae-b6fa-4fa2-9d56-284565494ed8'))), GETDATE())
	INSERT [dbo].[GroupSite] ([GroupId], [ContentRootId], [CreatedBy], [CreatedAtUTC]) VALUES ((SELECT Id FROM [dbo].[Group] WHERE [Slug] = '77150949-4469-4ee5-9cbc-84eed2a59d27'), N'51431a7a-0b2f-41f5-8341-8c4585e43136', (SELECT CreatedBy FROM [dbo].[Group] WHERE [Id] = ((SELECT Id FROM [dbo].[Group] WHERE [Slug] = '77150949-4469-4ee5-9cbc-84eed2a59d27'))), GETDATE())
	INSERT [dbo].[GroupSite] ([GroupId], [ContentRootId], [CreatedBy], [CreatedAtUTC]) VALUES ((SELECT Id FROM [dbo].[Group] WHERE [Slug] = 'group-theme-1'), N'fa67119a-e630-4227-97d3-05ebfa52151e', (SELECT CreatedBy FROM [dbo].[Group] WHERE [Id] = ((SELECT Id FROM [dbo].[Group] WHERE [Slug] = 'group-theme-1'))), GETDATE())
	INSERT [dbo].[GroupSite] ([GroupId], [ContentRootId], [CreatedBy], [CreatedAtUTC]) VALUES ((SELECT Id FROM [dbo].[Group] WHERE [Slug] = '41234726-7e93-4767-afbe-adda00f560a2'), N'2cd52e7a-01d2-4ce2-99eb-c503a26f60f8', (SELECT CreatedBy FROM [dbo].[Group] WHERE [Id] = ((SELECT Id FROM [dbo].[Group] WHERE [Slug] = '41234726-7e93-4767-afbe-adda00f560a2'))), GETDATE())
	INSERT [dbo].[GroupSite] ([GroupId], [ContentRootId], [CreatedBy], [CreatedAtUTC]) VALUES ((SELECT Id FROM [dbo].[Group] WHERE [Slug] = 'abee48ee-041e-497b-926d-afbb954b6640'), N'fb6073bc-91b5-462b-80ac-37b97772e875', (SELECT CreatedBy FROM [dbo].[Group] WHERE [Id] = ((SELECT Id FROM [dbo].[Group] WHERE [Slug] = 'abee48ee-041e-497b-926d-afbb954b6640'))), GETDATE())
	INSERT [dbo].[GroupSite] ([GroupId], [ContentRootId], [CreatedBy], [CreatedAtUTC]) VALUES ((SELECT Id FROM [dbo].[Group] WHERE [Slug] = '8d696d13-4a4c-4fb6-a7ea-bed5cb43c4c1'), N'40e4d3dd-6968-43b9-ad3e-d1d3070a5e7b', (SELECT CreatedBy FROM [dbo].[Group] WHERE [Id] = ((SELECT Id FROM [dbo].[Group] WHERE [Slug] = '8d696d13-4a4c-4fb6-a7ea-bed5cb43c4c1'))), GETDATE())
	INSERT [dbo].[GroupSite] ([GroupId], [ContentRootId], [CreatedBy], [CreatedAtUTC]) VALUES ((SELECT Id FROM [dbo].[Group] WHERE [Slug] = '2d841d48-9753-463f-aff2-ad3a0093f48b'), N'74e4dc83-32e7-4f42-bba6-ef04b13ff4c2', (SELECT CreatedBy FROM [dbo].[Group] WHERE [Id] = ((SELECT Id FROM [dbo].[Group] WHERE [Slug] = '2d841d48-9753-463f-aff2-ad3a0093f48b'))), GETDATE())
	INSERT [dbo].[GroupSite] ([GroupId], [ContentRootId], [CreatedBy], [CreatedAtUTC]) VALUES ((SELECT Id FROM [dbo].[Group] WHERE [Slug] = 'population-health-management'), N'78fbcab5-8254-4519-a82e-3fb8922fd434', (SELECT CreatedBy FROM [dbo].[Group] WHERE [Id] = ((SELECT Id FROM [dbo].[Group] WHERE [Slug] = 'population-health-management'))), GETDATE())
	INSERT [dbo].[GroupSite] ([GroupId], [ContentRootId], [CreatedBy], [CreatedAtUTC]) VALUES ((SELECT Id FROM [dbo].[Group] WHERE [Slug] = '0cf5179b-b3d5-4610-8370-c6b5d9ce1b60'), N'4d6d9da6-3cca-4678-95fb-0f1119b950bb', (SELECT CreatedBy FROM [dbo].[Group] WHERE [Id] = ((SELECT Id FROM [dbo].[Group] WHERE [Slug] = '0cf5179b-b3d5-4610-8370-c6b5d9ce1b60'))), GETDATE())
	INSERT [dbo].[GroupSite] ([GroupId], [ContentRootId], [CreatedBy], [CreatedAtUTC]) VALUES ((SELECT Id FROM [dbo].[Group] WHERE [Slug] = '4f25fc91-1da8-4591-9b24-907e0f51966c'), N'f8b25e05-a90f-4c53-b642-4b2e80cf0e31', (SELECT CreatedBy FROM [dbo].[Group] WHERE [Id] = ((SELECT Id FROM [dbo].[Group] WHERE [Slug] = '4f25fc91-1da8-4591-9b24-907e0f51966c'))), GETDATE())
	INSERT [dbo].[GroupSite] ([GroupId], [ContentRootId], [CreatedBy], [CreatedAtUTC]) VALUES ((SELECT Id FROM [dbo].[Group] WHERE [Slug] = 'integrated-care-network'), N'2be496c5-f2f2-466b-bc80-b088b9e0d708', (SELECT CreatedBy FROM [dbo].[Group] WHERE [Id] = ((SELECT Id FROM [dbo].[Group] WHERE [Slug] = 'integrated-care-network'))), GETDATE())
	INSERT [dbo].[GroupSite] ([GroupId], [ContentRootId], [CreatedBy], [CreatedAtUTC]) VALUES ((SELECT Id FROM [dbo].[Group] WHERE [Slug] = 'b8c36360-ecbe-4ade-a3c2-adfd00f01faf'), N'f51fef55-b169-4640-b3f5-2aef7334f9ec', (SELECT CreatedBy FROM [dbo].[Group] WHERE [Id] = ((SELECT Id FROM [dbo].[Group] WHERE [Slug] = 'b8c36360-ecbe-4ade-a3c2-adfd00f01faf'))), GETDATE())
	INSERT [dbo].[GroupSite] ([GroupId], [ContentRootId], [CreatedBy], [CreatedAtUTC]) VALUES ((SELECT Id FROM [dbo].[Group] WHERE [Slug] = 'group-theme-3'), N'b02eaec7-4de7-46e5-bfa5-a8632979cb5e', (SELECT CreatedBy FROM [dbo].[Group] WHERE [Id] = ((SELECT Id FROM [dbo].[Group] WHERE [Slug] = 'group-theme-3'))), GETDATE())
	INSERT [dbo].[GroupSite] ([GroupId], [ContentRootId], [CreatedBy], [CreatedAtUTC]) VALUES ((SELECT Id FROM [dbo].[Group] WHERE [Slug] = 'c21f4b9e-5fcb-4665-a50e-c4a104042905'), N'ea48d2a8-cdaf-49b1-b4bf-a6704c4819ba', (SELECT CreatedBy FROM [dbo].[Group] WHERE [Id] = ((SELECT Id FROM [dbo].[Group] WHERE [Slug] = 'c21f4b9e-5fcb-4665-a50e-c4a104042905'))), GETDATE())
	INSERT [dbo].[GroupSite] ([GroupId], [ContentRootId], [CreatedBy], [CreatedAtUTC]) VALUES ((SELECT Id FROM [dbo].[Group] WHERE [Slug] = '3e4a64dc-664a-4388-bc52-ad950106fb30'), N'45945ea4-ec8e-46bf-b4a1-119f7149258d', (SELECT CreatedBy FROM [dbo].[Group] WHERE [Id] = ((SELECT Id FROM [dbo].[Group] WHERE [Slug] = '3e4a64dc-664a-4388-bc52-ad950106fb30'))), GETDATE())
	INSERT [dbo].[GroupSite] ([GroupId], [ContentRootId], [CreatedBy], [CreatedAtUTC]) VALUES ((SELECT Id FROM [dbo].[Group] WHERE [Slug] = 'fd7cec57-7e07-4907-853e-0ee2192c5de0'), N'300afd39-dae4-4690-a68b-6bbbef067200', (SELECT CreatedBy FROM [dbo].[Group] WHERE [Id] = ((SELECT Id FROM [dbo].[Group] WHERE [Slug] = 'fd7cec57-7e07-4907-853e-0ee2192c5de0'))), GETDATE())
	INSERT [dbo].[GroupSite] ([GroupId], [ContentRootId], [CreatedBy], [CreatedAtUTC]) VALUES ((SELECT Id FROM [dbo].[Group] WHERE [Slug] = 'group-theme-2'), N'1f44a85b-ae9a-4ee5-9341-8e14c90d51aa', (SELECT CreatedBy FROM [dbo].[Group] WHERE [Id] = ((SELECT Id FROM [dbo].[Group] WHERE [Slug] = 'group-theme-2'))), GETDATE())
	INSERT [dbo].[GroupSite] ([GroupId], [ContentRootId], [CreatedBy], [CreatedAtUTC]) VALUES ((SELECT Id FROM [dbo].[Group] WHERE [Slug] = '0d1ea1e0-83f9-491f-b99a-ad4000df7f09'), N'b1d86638-3a50-4d03-ada4-676b200deef4', (SELECT CreatedBy FROM [dbo].[Group] WHERE [Id] = ((SELECT Id FROM [dbo].[Group] WHERE [Slug] = '0d1ea1e0-83f9-491f-b99a-ad4000df7f09'))), GETDATE())
	INSERT [dbo].[GroupSite] ([GroupId], [ContentRootId], [CreatedBy], [CreatedAtUTC]) VALUES ((SELECT Id FROM [dbo].[Group] WHERE [Slug] = 'ccaead1d-e923-47f7-bdca-a406394128a7'), N'241f6080-dc90-428c-aa86-8a27c7c911ae', (SELECT CreatedBy FROM [dbo].[Group] WHERE [Id] = ((SELECT Id FROM [dbo].[Group] WHERE [Slug] = 'ccaead1d-e923-47f7-bdca-a406394128a7'))), GETDATE())

	-- Re-enable constraints for all tables:
	EXEC sp_msforeachtable 'ALTER TABLE ? WITH CHECK CHECK CONSTRAINT all';	

END

IF '$(RunAutomatedScripts)' = 'true'
BEGIN
		EXEC automationteardown
		EXEC automationseed
END

GO
IF NOT EXISTS (select id from [MembershipUser] where [UserName] = 'autoAdmin@test.co.uk')
IF @@RunAutomatedScripts = 'true'
BEGIN

	-- Disable constraints for all tables:
	EXEC sp_msforeachtable 'ALTER TABLE ? NOCHECK CONSTRAINT all'
	
    DECLARE @admin AS uniqueidentifier;
    SELECT @admin = id FROM [dbo].[MembershipUser] WHERE Email = 'you@email.com'

	--/**
	--* INSERT AUTOMATION FILES
	--*/
	--INSERT [dbo].[File] ([Id], [Title], [Description], [FileName], [FileSizeBytes], [FileExtension], [BlobName], [CreatedBy], [ModifiedBy], [CreatedAtUtc], [ModifiedAtUtc], [ParentFolder], [FileStatus], [BlobHash]) VALUES ( N'docTest', N'test doc', N'docTest.doc', N'26624', N'.doc', N'1314d02f-289a-48b9-8ed8-74f7a1f080e4.doc', N'd74ed860-9ea5-4c95-9394-ad3a00924fa5', N'd74ed860-9ea5-4c95-9394-ad3a00924fa5', CAST(N'2021-12-15T11:04:49.8791246' AS DateTime2), CAST(N'2022-01-10T12:31:13.8900000' AS DateTime2), N'f86d22cf-1b0e-4d24-8120-adc500d224fb', 4, 0x27EBB0DE9064A9A6F6647FB94F08CAA7)
	--INSERT [dbo].[File] ([Id], [Title], [Description], [FileName], [FileSizeBytes], [FileExtension], [BlobName], [CreatedBy], [ModifiedBy], [CreatedAtUtc], [ModifiedAtUtc], [ParentFolder], [FileStatus], [BlobHash]) VALUES ( N'pdfTest', N'test pdf', N'pdfTest.pdf', N'31242', N'.pdf', N'6c606efa-86f8-4b69-a74c-020a367c60c6.pdf', N'd74ed860-9ea5-4c95-9394-ad3a00924fa5', NULL, CAST(N'2021-12-16T15:39:58.5342308' AS DateTime2), CAST(N'2021-12-16T15:39:58.6123562' AS DateTime2), N'f86d22cf-1b0e-4d24-8120-adc500d224fb', 4, 0xEF0D9857E5BF01074BCBEFBC2AA1BEC6)	
	--INSERT [dbo].[File] ([Id], [Title], [Description], [FileName], [FileSizeBytes], [FileExtension], [BlobName], [CreatedBy], [ModifiedBy], [CreatedAtUtc], [ModifiedAtUtc], [ParentFolder], [FileStatus], [BlobHash]) VALUES ( N'test ppt',  N'test ppt', N'test.pptx', 29594, N'.pptx', N'9334e127-766b-41e7-a900-35ad64a2258e.pptx', N'd74ed860-9ea5-4c95-9394-ad3a00924fa5', NULL, CAST(N'2021-11-05 11:46:39.9000121' AS DateTime2), CAST(N'2021-11-05 11:46:40.0719395' AS DateTime2), N'f86d22cf-1b0e-4d24-8120-adc500d224fb', 4 , 0x6995F3087714AE2908F0A56CA435B070)
	--INSERT [dbo].[File] ([Id], [Title], [Description], [FileName], [FileSizeBytes], [FileExtension], [BlobName], [CreatedBy], [ModifiedBy], [CreatedAtUtc], [ModifiedAtUtc], [ParentFolder], [FileStatus], [BlobHash]) VALUES ( N'test excel', N'test excel', N'TestExcel.xlsx', 7898, N'.xlsx', N'75b731ef-1aae-4622-b1e7-3ad19983840b.xlsx', N'd74ed860-9ea5-4c95-9394-ad3a00924fa5', NULL, CAST(N'2021-11-05 11:47:25.2124850' AS DateTime2), CAST(N'2021-11-05 11:47:25.2437944' AS DateTime2), N'f86d22cf-1b0e-4d24-8120-adc500d224fb', 4 , 0xD4A720E76181F8B12BBACAEE0BFFCD08)
	--INSERT [dbo].[File] ([Id], [Title], [Description], [FileName], [FileSizeBytes], [FileExtension], [BlobName], [CreatedBy], [ModifiedBy], [CreatedAtUtc], [ModifiedAtUtc], [ParentFolder], [FileStatus], [BlobHash]) VALUES ( N'test pdf',  N'test pdf', N'testPDF.pdf', 180109, N'.pdf', N'0f0ff7ec-9f38-4ccb-8e8c-dadd51670cef.pdf', N'd74ed860-9ea5-4c95-9394-ad3a00924fa5', NULL, CAST(N'2021-11-05 11:46:16.5671393' AS DateTime2), CAST(N'2021-11-05 11:46:16.7390179' AS DateTime2), N'a16c2581-a916-4adc-afb5-adda00f73b4c', 4 , 0x7EC45D63B3DBAEB1E9E9134E4D718A9C)
	--INSERT [dbo].[File] ([Id], [Title], [Description], [FileName], [FileSizeBytes], [FileExtension], [BlobName], [CreatedBy], [ModifiedBy], [CreatedAtUtc], [ModifiedAtUtc], [ParentFolder], [FileStatus], [BlobHash]) VALUES ( N'test ppt',  N'test ppt', N'test.pptx', 29594, N'.pptx', N'9334e127-766b-41e7-a900-35ad64a2258e.pptx', N'd74ed860-9ea5-4c95-9394-ad3a00924fa5', NULL, CAST(N'2021-11-05 11:46:39.9000121' AS DateTime2), CAST(N'2021-11-05 11:46:40.0719395' AS DateTime2), N'a16c2581-a916-4adc-afb5-adda00f73b4c', 4 , 0x6995F3087714AE2908F0A56CA435B070)
	--INSERT [dbo].[File] ([Id], [Title], [Description], [FileName], [FileSizeBytes], [FileExtension], [BlobName], [CreatedBy], [ModifiedBy], [CreatedAtUtc], [ModifiedAtUtc], [ParentFolder], [FileStatus], [BlobHash]) VALUES ( N'test excel', N'test excel', N'TestExcel.xlsx', 7898, N'.xlsx', N'75b731ef-1aae-4622-b1e7-3ad19983840b.xlsx', N'd74ed860-9ea5-4c95-9394-ad3a00924fa5', NULL, CAST(N'2021-11-05 11:47:25.2124850' AS DateTime2), CAST(N'2021-11-05 11:47:25.2437944' AS DateTime2), N'a16c2581-a916-4adc-afb5-adda00f73b4c', 4 , 0xD4A720E76181F8B12BBACAEE0BFFCD08)
	--INSERT [dbo].[File] ([Id], [Title], [Description], [FileName], [FileSizeBytes], [FileExtension], [BlobName], [CreatedBy], [ModifiedBy], [CreatedAtUtc], [ModifiedAtUtc], [ParentFolder], [FileStatus], [BlobHash]) VALUES ( N'test doc',  N'test doc', N'Concern doc3.docx', 12736, N'.docx', N'1dd07f72-8c83-4697-a80a-546749ed1920.docx', N'd74ed860-9ea5-4c95-9394-ad3a00924fa5', NULL, CAST(N'2021-11-05 11:47:47.2254067' AS DateTime2), CAST(N'2021-11-05 11:47:47.3035328' AS DateTime2), N'a16c2581-a916-4adc-afb5-adda00f73b4c', 4 , 0xAEF3F81BAE17391B23CDCB1559B5F5C2)
	
	--/**
	--* INSERT AUTOMATION FOLDERS
	--*/
	--INSERT [dbo].[Folder] ([Description], [AddedBy], [CreatedAtUtc], [Id], [Name], [ParentFolder], [ParentGroup]) VALUES (N'Empty Folder for testing', N'd74ed860-9ea5-4c95-9394-ad3a00924fa5', CAST(N'2021-08-06T14:13:38.6033333' AS DateTime2), N'14380b32-d5e6-4f98-aff7-ad7c00ea75ce', N'Empty Folder', NULL, N'2d841d48-9753-463f-aff2-ad3a0093f48b')
	--INSERT [dbo].[Folder] ([Description], [AddedBy], [CreatedAtUtc], [Id], [Name], [ParentFolder], [ParentGroup]) VALUES (N'Empty Folder for testing', N'd74ed860-9ea5-4c95-9394-ad3a00924fa5', CAST(N'2021-09-23T16:23:15.8405472' AS DateTime2), N'0c94aa3c-3143-496b-a9f4-adac010e0fc1', N'Public Empty Folder', NULL, N'61de48cf-686e-483d-84cf-ad95010721d3')
	--INSERT [dbo].[Folder] ([Description], [AddedBy], [CreatedAtUtc], [Id], [Name], [ParentFolder], [ParentGroup]) VALUES (NULL, N'd74ed860-9ea5-4c95-9394-ad3a00924fa5', CAST(N'2021-10-18T12:45:06.7541366' AS DateTime2), N'f86d22cf-1b0e-4d24-8120-adc500d224fb', N'Automation Test Folder', NULL, N'2d841d48-9753-463f-aff2-ad3a0093f48b')
	--INSERT [dbo].[Folder] ([Description], [AddedBy], [CreatedAtUtc], [Id], [Name], [ParentFolder], [ParentGroup]) VALUES (N'Folder Test', N'a51c9076-cf85-42da-bb30-adda00f5b3c6', CAST(N'2021-11-08T15:00:08.5681812' AS DateTime2), N'a16c2581-a916-4adc-afb5-adda00f73b4c', N'Base Folder 1', NULL, N'41234726-7e93-4767-afbe-adda00f560a2')
	--INSERT [dbo].[Folder] ([Description], [AddedBy], [CreatedAtUtc], [Id], [Name], [ParentFolder], [ParentGroup]) VALUES (NULL, N'a51c9076-cf85-42da-bb30-adda00f5b3c6', CAST(N'2021-11-08T15:00:18.2995929' AS DateTime2), N'bd939a64-4a7b-44c0-b7dc-adda00f746b3', N'Base Folder 2', NULL, N'41234726-7e93-4767-afbe-adda00f560a2')
	--INSERT [dbo].[Folder] ([Description], [AddedBy], [CreatedAtUtc], [Id], [Name], [ParentFolder], [ParentGroup]) VALUES (NULL, N'd74ed860-9ea5-4c95-9394-ad3a00924fa5', CAST(N'2022-01-14T11:25:07.9148295' AS DateTime2), N'6a596e94-6b20-4c3a-8f44-ae1d00bc2d57', N'Folder 1', N'f86d22cf-1b0e-4d24-8120-adc500d224fb', N'2d841d48-9753-463f-aff2-ad3a0093f48b')
	--INSERT [dbo].[Folder] ([Description], [AddedBy], [CreatedAtUtc], [Id], [Name], [ParentFolder], [ParentGroup]) VALUES (NULL, N'd74ed860-9ea5-4c95-9394-ad3a00924fa5', CAST(N'2022-01-14T11:25:12.9988659' AS DateTime2), N'7af7d1b4-ec3c-42c1-a093-ae1d00bc334c', N'Folder 2', N'6a596e94-6b20-4c3a-8f44-ae1d00bc2d57', N'2d841d48-9753-463f-aff2-ad3a0093f48b')
	--INSERT [dbo].[Folder] ([Description], [AddedBy], [CreatedAtUtc], [Id], [Name], [ParentFolder], [ParentGroup]) VALUES (NULL, N'd74ed860-9ea5-4c95-9394-ad3a00924fa5', CAST(N'2022-01-14T11:31:30.9024318' AS DateTime2), N'00980e58-f271-4e33-a27a-ae1d00bdee27', N'Folder 3', N'7af7d1b4-ec3c-42c1-a093-ae1d00bc334c', N'2d841d48-9753-463f-aff2-ad3a0093f48b')
		
	/**
	*	INSERT GROUPS
	*/	
	INSERT [dbo].[Group] ([Name], [Description], [IsLocked], [ModerateDiscussions], [ModerateComments], [SortOrder], [CreatedAtUtc], [Slug], [PublicGroup], [GroupOwner], [Subtitle], [Introduction], [AboutUs]) VALUES (N'2d841d48-9753-463f-aff2-ad3a0093f48b', N'GP Career Support Hub', N'Resources to support GPs at varying stages of their career', 0, 0, 0, 0, CAST(N'2021-06-01T08:58:41.317' AS DateTime), N'2d841d48-9753-463f-aff2-ad3a0093f48b', 0, (SELECT Id FROM [dbo].[MembershipUser] WHERE [UserName] ='admin'), N'Introduction', N'DO NOT USE - This group is reserved solely for use by our automated test scripts', N'Baatezu subtype bonus creation subschool divination druid fear aura granted power lawful magical beast type mentalism domain nauseated sorcerer spell domain total concealment travel domain. Abjuration alignment alternate form blindsight construct type damage fate domain fly free action halfling domain improved evasion infection lawful melee miniature figure modifier natural reach plant type player character result spell descriptor spell immunity strength domain subschool suffering domain swarm subtype unarmed attack untrained.')
	INSERT [dbo].[Group] ([Name], [Description], [IsLocked], [ModerateDiscussions], [ModerateComments], [SortOrder], [CreatedAtUtc], [Slug], [PublicGroup], [GroupOwner], [Subtitle], [Introduction], [AboutUs]) VALUES (N'0d1ea1e0-83f9-491f-b99a-ad4000df7f09', N'PCN Development Support', N'Resources and tools to support Primary Care Network Development', 0, 0, 0, 0, CAST(N'2021-06-07T13:33:43.493' AS DateTime), N'0d1ea1e0-83f9-491f-b99a-ad4000df7f09', 0, (SELECT Id FROM [dbo].[MembershipUser] WHERE [UserName] ='admin'), N'DO NOT USE - This group is reserved solely for use by our automated test scripts', N'DO NOT USE - This group is reserved solely for use by our automated test scripts', NULL)
	INSERT [dbo].[Group] ([Name], [Description], [IsLocked], [ModerateDiscussions], [ModerateComments], [SortOrder], [CreatedAtUtc], [Slug], [PublicGroup], [GroupOwner], [Subtitle], [Introduction], [AboutUs]) VALUES (N'3e4a64dc-664a-4388-bc52-ad950106fb30', N'Digital Primary Care', N'Support colleagues to share experiences, learning and resources on the digital transformation', 0, 0, 0, 0, CAST(N'2021-08-31T15:57:29.117' AS DateTime), N'3e4a64dc-664a-4388-bc52-ad950106fb30', 0, (SELECT Id FROM [dbo].[MembershipUser] WHERE [UserName] ='admin'), N'DO NOT USE - This group is reserved solely for use by our automated test scripts', N'DO NOT USE - This group is reserved solely for use by our automated test scripts', NULL)
	INSERT [dbo].[Group] ([Name], [Description], [IsLocked], [ModerateDiscussions], [ModerateComments], [SortOrder], [CreatedAtUtc], [Slug], [PublicGroup], [GroupOwner], [Subtitle], [Introduction], [AboutUs]) VALUES (N'61de48cf-686e-483d-84cf-ad95010721d3', N'Integrated Care Network', N'A wealth of resources, materials and webinars to help individuals understand Integrated Care', 0, 0, 0, 0, CAST(N'2021-08-31T15:58:02.087' AS DateTime), N'integrated-care-network', 1, (SELECT Id FROM [dbo].[MembershipUser] WHERE [UserName] ='admin'), N'DO NOT USE - This group is reserved solely for use by our automated test scripts', N'DO NOT USE - This group is reserved solely for use by our automated test scripts', NULL)
	INSERT [dbo].[Group] ([Name], [Description], [IsLocked], [ModerateDiscussions], [ModerateComments], [SortOrder], [CreatedAtUtc], [Slug], [PublicGroup], [GroupOwner], [Subtitle], [Introduction], [AboutUs]) VALUES (N'41234726-7e93-4767-afbe-adda00f560a2', N'Social Prescribing', N'Supporting social prescribing link workers – a network for news, resources and discussions', 0, 0, 0, 0, CAST(N'2021-11-08T14:53:23.520' AS DateTime), N'41234726-7e93-4767-afbe-adda00f560a2', 0, (SELECT Id FROM [dbo].[MembershipUser] WHERE [UserName] ='admin'), N'DO NOT USE - This group is reserved solely for use by our automated test scripts', N'DO NOT USE - This group is reserved solely for use by our automated test scripts', NULL)
	INSERT [dbo].[Group] ([Name], [Description], [IsLocked], [ModerateDiscussions], [ModerateComments], [SortOrder], [CreatedAtUtc], [Slug], [PublicGroup], [GroupOwner], [Subtitle], [Introduction], [AboutUs]) VALUES (N'b8c36360-ecbe-4ade-a3c2-adfd00f01faf', N'Community Services and Ageing Well', N'Supporting fulfilment of ‘out-of-hospital care’ and fully integrated community-based care', 0, 0, 0, 0, CAST(N'2021-12-13T14:34:15.833' AS DateTime), N'b8c36360-ecbe-4ade-a3c2-adfd00f01faf', 0, (SELECT Id FROM [dbo].[MembershipUser] WHERE [UserName] ='admin'), NULL, N'DO NOT USE - This group is reserved solely for use by our automated test scripts', NULL)
	INSERT [dbo].[Group] ([Name], [Description], [IsLocked], [ModerateDiscussions], [ModerateComments], [SortOrder], [CreatedAtUtc], [Slug], [PublicGroup], [GroupOwner], [Subtitle], [Introduction], [AboutUs]) VALUES (N'41234726-7e93-4767-afbe-adda00f560a2', N'Enhanced Health in Care Homes', N'Resources, case studies and further online support championing the work around EHCH', 0, 0, 0, 0, CAST(N'2021-11-08T14:53:23.520' AS DateTime), N'41234726-7e93-4767-afbe-adda00f560a2', 0, (SELECT Id FROM [dbo].[MembershipUser] WHERE [UserName] ='admin'), N'DO NOT USE - This group is reserved solely for use by our automated test scripts', N'DO NOT USE - This group is reserved solely for use by our automated test scripts', NULL)
	INSERT [dbo].[Group] ([Name], [Description], [IsLocked], [ModerateDiscussions], [ModerateComments], [SortOrder], [CreatedAtUtc], [Slug], [PublicGroup], [GroupOwner], [Subtitle], [Introduction], [AboutUs]) VALUES (N'b8c36360-ecbe-4ade-a3c2-adfd00f01faf', N'Population Health Management', N'Learn about PHM, including resources to support core PHM capabilities', 0, 0, 0, 0, CAST(N'2021-12-13T14:34:15.833' AS DateTime), N'population-health-management', 0, (SELECT Id FROM [dbo].[MembershipUser] WHERE [UserName] ='admin'), NULL, N'DO NOT USE - This group is reserved solely for use by our automated test scripts', NULL)

	--/**
	--* INSERT AUTOMATION GROUPUSER RECORDS
	--*/
	--INSERT [dbo].[GroupUser] ([Id], [Approved], [Rejected], [Locked], [Banned], [RequestToJoinDate], [ApprovedToJoinDate], [ApprovingMembershipUser_Id], [MembershipRole_Id], [MembershipUser_Id], [Group_Id]) VALUES (N'57102d73-fdee-4638-9ce9-ad4000df7fd7', 1, 0, 0, 0, CAST(N'2021-06-07T13:33:44.180' AS DateTime), CAST(N'2021-06-07T13:33:44.200' AS DateTime), N'd74ed860-9ea5-4c95-9394-ad3a00924fa5', (SELECT id FROM MembershipRole WHERE roleName='Admin'), N'd74ed860-9ea5-4c95-9394-ad3a00924fa5', N'0d1ea1e0-83f9-491f-b99a-ad4000df7f09')
	--INSERT [dbo].[GroupUser] ([Id], [Approved], [Rejected], [Locked], [Banned], [RequestToJoinDate], [ApprovedToJoinDate], [ApprovingMembershipUser_Id], [MembershipRole_Id], [MembershipUser_Id], [Group_Id]) VALUES (N'f88834d9-a686-4355-b36d-ad3a0094027f', 1, 0, 0, 0, CAST(N'2021-06-01T08:58:53.220' AS DateTime), CAST(N'2021-06-01T20:06:06.300' AS DateTime), @admin, (SELECT id FROM MembershipRole WHERE roleName='Admin'), N'd74ed860-9ea5-4c95-9394-ad3a00924fa5', N'2d841d48-9753-463f-aff2-ad3a0093f48b')
	--INSERT [dbo].[GroupUser] ([Id], [Approved], [Rejected], [Locked], [Banned], [RequestToJoinDate], [ApprovedToJoinDate], [ApprovingMembershipUser_Id], [MembershipRole_Id], [MembershipUser_Id], [Group_Id]) VALUES (N'03815f35-d9c7-45ce-8abb-ad950106fb56', 1, 0, 0, 0, CAST(N'2021-08-31T15:57:29.243' AS DateTime), CAST(N'2021-08-31T15:57:29.257' AS DateTime), N'd74ed860-9ea5-4c95-9394-ad3a00924fa5', (SELECT id FROM MembershipRole WHERE roleName='Admin'), N'd74ed860-9ea5-4c95-9394-ad3a00924fa5', N'3e4a64dc-664a-4388-bc52-ad950106fb30')
	--INSERT [dbo].[GroupUser] ([Id], [Approved], [Rejected], [Locked], [Banned], [RequestToJoinDate], [ApprovedToJoinDate], [ApprovingMembershipUser_Id], [MembershipRole_Id], [MembershipUser_Id], [Group_Id]) VALUES (N'30b8253b-0183-4753-9766-ad95010721dd', 1, 0, 0, 0, CAST(N'2021-08-31T15:58:02.117' AS DateTime), CAST(N'2021-08-31T15:58:02.117' AS DateTime), N'd74ed860-9ea5-4c95-9394-ad3a00924fa5', (SELECT id FROM MembershipRole WHERE roleName='Admin'), N'd74ed860-9ea5-4c95-9394-ad3a00924fa5', N'61de48cf-686e-483d-84cf-ad95010721d3')
	--INSERT [dbo].[GroupUser] ([Id], [Approved], [Rejected], [Locked], [Banned], [RequestToJoinDate], [ApprovedToJoinDate], [ApprovingMembershipUser_Id], [MembershipRole_Id], [MembershipUser_Id], [Group_Id]) VALUES (N'8dde30b0-2960-46f8-8162-ae1a00a912d9', 1, 0, 0, 0, CAST(N'2022-01-11T10:15:34.693' AS DateTime), CAST(N'2022-01-11T10:16:25.673' AS DateTime), N'a51c9076-cf85-42da-bb30-adda00f5b3c6', (SELECT id FROM MembershipRole WHERE roleName='Standard Members'), N'd74ed860-9ea5-4c95-9394-ad3a00924fa5', N'41234726-7e93-4767-afbe-adda00f560a2')
	--INSERT [dbo].[GroupUser] ([Id], [Approved], [Rejected], [Locked], [Banned], [RequestToJoinDate], [ApprovedToJoinDate], [ApprovingMembershipUser_Id], [MembershipRole_Id], [MembershipUser_Id], [Group_Id]) VALUES (N'0f175c8d-32d0-499b-8225-adfd00f01fbd', 1, 0, 0, 0, CAST(N'2021-12-13T14:34:15.880' AS DateTime), CAST(N'2021-12-13T14:34:15.880' AS DateTime), N'd74ed860-9ea5-4c95-9394-ad3a00924fa5', (SELECT id FROM MembershipRole WHERE roleName='Admin'), N'd74ed860-9ea5-4c95-9394-ad3a00924fa5', N'b8c36360-ecbe-4ade-a3c2-adfd00f01faf')
	--INSERT [dbo].[GroupUser] ([Id], [Approved], [Rejected], [Locked], [Banned], [RequestToJoinDate], [ApprovedToJoinDate], [ApprovingMembershipUser_Id], [MembershipRole_Id], [MembershipUser_Id], [Group_Id]) VALUES (N'f302fdf3-b6e6-47f0-ba60-ad3a0094303d', 1, 0, 0, 0, CAST(N'2021-06-01T08:59:32.257' AS DateTime), CAST(N'2021-06-07T11:53:29.393' AS DateTime), N'd74ed860-9ea5-4c95-9394-ad3a00924fa5', (SELECT id FROM MembershipRole WHERE roleName='Standard Members'), N'7db6f2c4-6bf3-4178-967f-ad3a0092a580', N'2d841d48-9753-463f-aff2-ad3a0093f48b')
	--INSERT [dbo].[GroupUser] ([Id], [Approved], [Rejected], [Locked], [Banned], [RequestToJoinDate], [ApprovedToJoinDate], [ApprovingMembershipUser_Id], [MembershipRole_Id], [MembershipUser_Id], [Group_Id]) VALUES (N'49a507ec-f826-4742-bc98-ad4000dfbd0d', 0, 0, 0, 0, CAST(N'2021-06-07T13:34:36.413' AS DateTime), NULL, NULL, (SELECT id FROM MembershipRole WHERE roleName='Standard Members'), N'7db6f2c4-6bf3-4178-967f-ad3a0092a580', N'0d1ea1e0-83f9-491f-b99a-ad4000df7f09')
	--INSERT [dbo].[GroupUser] ([Id], [Approved], [Rejected], [Locked], [Banned], [RequestToJoinDate], [ApprovedToJoinDate], [ApprovingMembershipUser_Id], [MembershipRole_Id], [MembershipUser_Id], [Group_Id]) VALUES (N'2d5b049a-35af-430e-ad11-ad5000a37b65', 0, 0, 0, 0, CAST(N'2021-06-23T09:55:13.190' AS DateTime), NULL, NULL, (SELECT id FROM MembershipRole WHERE roleName='Standard Members'), N'2ccff73e-f897-424c-afcb-ad5000a368a8', N'2d841d48-9753-463f-aff2-ad3a0093f48b')
	--INSERT [dbo].[GroupUser] ([Id], [Approved], [Rejected], [Locked], [Banned], [RequestToJoinDate], [ApprovedToJoinDate], [ApprovingMembershipUser_Id], [MembershipRole_Id], [MembershipUser_Id], [Group_Id]) VALUES (N'3839a52e-cbc3-4963-b455-ad95010750b5', 1, 0, 0, 0, CAST(N'2021-08-31T15:58:42.093' AS DateTime), CAST(N'2021-09-01T14:04:06.650' AS DateTime), N'd74ed860-9ea5-4c95-9394-ad3a00924fa5', (SELECT id FROM MembershipRole WHERE roleName='Standard Members'), N'2ccff73e-f897-424c-afcb-ad5000a368a8', N'3e4a64dc-664a-4388-bc52-ad950106fb30')
	--INSERT [dbo].[GroupUser] ([Id], [Approved], [Rejected], [Locked], [Banned], [RequestToJoinDate], [ApprovedToJoinDate], [ApprovingMembershipUser_Id], [MembershipRole_Id], [MembershipUser_Id], [Group_Id]) VALUES (N'f8b8f77b-933c-4847-a856-ad7c00da84e7', 0, 0, 0, 0, CAST(N'2021-08-06T13:15:36.233' AS DateTime), NULL, NULL, (SELECT id FROM MembershipRole WHERE roleName='Standard Members'), N'cb72fa31-e1b2-428a-8847-ad57009babd9', N'2d841d48-9753-463f-aff2-ad3a0093f48b')
	--INSERT [dbo].[GroupUser] ([Id], [Approved], [Rejected], [Locked], [Banned], [RequestToJoinDate], [ApprovedToJoinDate], [ApprovingMembershipUser_Id], [MembershipRole_Id], [MembershipUser_Id], [Group_Id]) VALUES (N'0288b4fa-93fb-4ea5-b8c9-ad950107aaaa', 0, 0, 0, 0, CAST(N'2021-08-31T15:59:58.857' AS DateTime), NULL, NULL, (SELECT id FROM MembershipRole WHERE roleName='Standard Members'), N'cb72fa31-e1b2-428a-8847-ad57009babd9', N'3e4a64dc-664a-4388-bc52-ad950106fb30')
	--INSERT [dbo].[GroupUser] ([Id], [Approved], [Rejected], [Locked], [Banned], [RequestToJoinDate], [ApprovedToJoinDate], [ApprovingMembershipUser_Id], [MembershipRole_Id], [MembershipUser_Id], [Group_Id]) VALUES (N'29e5731d-c2d5-4607-90ce-ae1a00a97a41', 1, 0, 0, 0, CAST(N'2022-01-11T10:17:02.937' AS DateTime), CAST(N'2022-01-11T10:17:20.900' AS DateTime), N'd74ed860-9ea5-4c95-9394-ad3a00924fa5', (SELECT id FROM MembershipRole WHERE roleName='Standard Members'), N'a51c9076-cf85-42da-bb30-adda00f5b3c6', N'41234726-7e93-4767-afbe-adda00f560a2')
	
	--/**
	--* INSERT AUTOMATION MEMBERSHIPUSERS
	--*/
	--INSERT [dbo].[MembershipUser] ([Id], [UserName], [Password], [PasswordSalt], [Email], [IsApproved], [IsLockedOut], [IsBanned], [CreateDate], [LastLoginDate], [LastPasswordChangedDate], [LastLockoutDate], [LastActivityDate], [FailedPasswordAttemptCount], [FailedPasswordAnswerAttempt], [Slug], [IsTrustedUser], [FirstName], [Surname], [Initials]) VALUES (N'd74ed860-9ea5-4c95-9394-ad3a00924fa5', N'autoAdmin@test.co.uk', N'vcf4NjFgrLG/mUdmP+pq4PfpMvuDWUijJ6ZtMzKIurI=', N'oYbbbqThocFtlwkwQLLHvfaBefwXGZrM', N'autoAdmin@test.co.uk', 1, 0, 0, CAST(N'2021-06-01T08:52:42.150' AS DateTime), CAST(N'2022-01-11T16:23:43.493' AS DateTime), CAST(N'2021-06-01T08:52:42.150' AS DateTime), CAST(N'1753-01-01T00:00:00.000' AS DateTime), CAST(N'2022-01-11T16:21:43.690' AS DateTime), 0, 0, N'autoadmin', 0, N'auto', N'Admin', N'AA')
	--INSERT [dbo].[MembershipUser] ([Id], [UserName], [Password], [PasswordSalt], [Email], [IsApproved], [IsLockedOut], [IsBanned], [CreateDate], [LastLoginDate], [LastPasswordChangedDate], [LastLockoutDate], [LastActivityDate], [FailedPasswordAttemptCount], [FailedPasswordAnswerAttempt], [Slug], [IsTrustedUser], [FirstName], [Surname], [Initials]) VALUES (N'7db6f2c4-6bf3-4178-967f-ad3a0092a580', N'autoUser@test.co.uk', N'CnC6nl0+/sjVKTKeNeuHN5Yc2oPjNXtKbuRVdE9L6XU=', N'lgMfng4Ktdl7LWXHMfU2aULppquZADvj', N'autoUser@test.co.uk', 1, 0, 0, CAST(N'2021-06-01T08:53:55.410' AS DateTime), CAST(N'2022-01-11T16:25:11.010' AS DateTime), CAST(N'2021-06-01T08:53:55.410' AS DateTime), CAST(N'1753-01-01T00:00:00.000' AS DateTime), CAST(N'2022-01-11T16:25:11.200' AS DateTime), 0, 0, N'autouser', 0, N'auto', N'User', N'AU')
	--INSERT [dbo].[MembershipUser] ([Id], [UserName], [Password], [PasswordSalt], [Email], [IsApproved], [IsLockedOut], [IsBanned], [CreateDate], [LastLoginDate], [LastPasswordChangedDate], [LastLockoutDate], [LastActivityDate], [FailedPasswordAttemptCount], [FailedPasswordAnswerAttempt], [Slug], [IsTrustedUser], [FirstName], [Surname], [Initials]) VALUES (N'2ccff73e-f897-424c-afcb-ad5000a368a8', N'autoUser2@test.co.uk', N'qzWIgd8jJjPsoDkJ8NOVP7Dz7DjoXTsZagRkMwztYPw=', N'0Sim4e4mRlskAZJ6kpn2iSrzXxJXPapy', N'autoUser2@test.co.uk', 1, 0, 0, CAST(N'2021-06-23T09:54:57.213' AS DateTime), CAST(N'2021-11-08T14:59:36.647' AS DateTime), CAST(N'2021-06-23T09:54:57.213' AS DateTime), CAST(N'1753-01-01T00:00:00.000' AS DateTime), CAST(N'2021-11-08T14:59:37.193' AS DateTime), 0, 0, N'autouser2', 0, N'Auto', N'User2', N'AU')
	--INSERT [dbo].[MembershipUser] ([Id], [UserName], [Password], [PasswordSalt], [Email], [IsApproved], [IsLockedOut], [IsBanned], [CreateDate], [LastLoginDate], [LastPasswordChangedDate], [LastLockoutDate], [LastActivityDate], [FailedPasswordAttemptCount], [FailedPasswordAnswerAttempt], [Slug], [IsTrustedUser], [FirstName], [Surname], [Initials]) VALUES (N'cb72fa31-e1b2-428a-8847-ad57009babd9', N'autoUser3@test.co.uk', N'Cd6U3nRQDqEbHa/V26rxOxyIL28wqfAjPdYzfN0JylU=', N'2gbwL74MNaZ8QK4dcaiedfP/fdJwdIpA', N'autoUser3@test.co.uk', 1, 0, 0, CAST(N'2021-06-30T09:26:46.923' AS DateTime), CAST(N'2021-08-31T15:59:51.490' AS DateTime), CAST(N'2021-06-30T09:26:46.923' AS DateTime), CAST(N'1753-01-01T00:00:00.000' AS DateTime), CAST(N'2021-08-31T15:59:51.873' AS DateTime), 0, 0, N'autouser3', 0, N'Auto', N'User3', N'AU')
	--INSERT [dbo].[MembershipUser] ([Id], [UserName], [Password], [PasswordSalt], [Email], [IsApproved], [IsLockedOut], [IsBanned], [CreateDate], [LastLoginDate], [LastPasswordChangedDate], [LastLockoutDate], [LastActivityDate], [FailedPasswordAttemptCount], [FailedPasswordAnswerAttempt], [Slug], [IsTrustedUser], [FirstName], [Surname], [Initials]) VALUES (N'a51c9076-cf85-42da-bb30-adda00f5b3c6', N'VisRegUser@email.com', N'wJuXPg5bhhTfTEaUVmSAanZvLvRQvi0eY7lhbv7UoS8=', N'e0ZQHTFeBgp5Bte3hq1QbXxkZv9FBULO', N'VisRegUser@email.com', 1, 0, 0, CAST(N'2021-11-08T14:54:34.483' AS DateTime), CAST(N'2022-01-11T10:16:20.327' AS DateTime), CAST(N'2021-11-08T14:54:34.483' AS DateTime), CAST(N'1753-01-01T00:00:00.000' AS DateTime), CAST(N'2022-01-11T10:16:20.567' AS DateTime), 0, 0, N'visreguser-email-com', 0, N'Vis', N'Reg', N'VR')
	--INSERT [dbo].[MembershipUser] ([Id], [UserName], [Password], [PasswordSalt], [Email], [IsApproved], [IsLockedOut], [IsBanned], [CreateDate], [LastLoginDate], [LastPasswordChangedDate], [LastLockoutDate], [LastActivityDate], [FailedPasswordAttemptCount], [FailedPasswordAnswerAttempt], [Slug], [IsTrustedUser], [FirstName], [Surname], [Initials]) VALUES (N'24949588-81c0-4ae0-8d67-ae04011f41b4', N'autoEditUser@test.co.uk', N'GoHbGkQpGB/jgY3jN0hb5jSl4DEwbuME4dsdRP41NJw=', N'ZBp81AWhmQ2Qar5zuh6mmVPF/Fl5J6gg', N'autoEditUser@test.co.uk', 1, 0, 0, CAST(N'2021-12-20T17:25:52.167' AS DateTime), CAST(N'2022-01-11T12:23:55.377' AS DateTime), CAST(N'2021-12-20T17:25:52.167' AS DateTime), CAST(N'1753-01-01T00:00:00.000' AS DateTime), CAST(N'2022-01-11T10:43:43.793' AS DateTime), 0, 0, N'autoedituser-test-co-uk', 0, N'autoEdit', N'User', N'AU')
	
	--/**
	--* INSERT AUTOMATION MEMBERSHIPUSERSINROLE
	--*/
	--INSERT [dbo].[MembershipUsersInRoles] ([UserIdentifier], [RoleIdentifier]) VALUES (N'd74ed860-9ea5-4c95-9394-ad3a00924fa5', (SELECT id FROM MembershipRole WHERE roleName='Admin'))
	--INSERT [dbo].[MembershipUsersInRoles] ([UserIdentifier], [RoleIdentifier]) VALUES (N'a51c9076-cf85-42da-bb30-adda00f5b3c6', (SELECT id FROM MembershipRole WHERE roleName='Admin'))
	--INSERT [dbo].[MembershipUsersInRoles] ([UserIdentifier], [RoleIdentifier]) VALUES (N'7db6f2c4-6bf3-4178-967f-ad3a0092a580', (SELECT id FROM MembershipRole WHERE roleName='Standard Members'))
	--INSERT [dbo].[MembershipUsersInRoles] ([UserIdentifier], [RoleIdentifier]) VALUES (N'2ccff73e-f897-424c-afcb-ad5000a368a8', (SELECT id FROM MembershipRole WHERE roleName='Standard Members'))
	--INSERT [dbo].[MembershipUsersInRoles] ([UserIdentifier], [RoleIdentifier]) VALUES (N'cb72fa31-e1b2-428a-8847-ad57009babd9', (SELECT id FROM MembershipRole WHERE roleName='Standard Members'))
	--INSERT [dbo].[MembershipUsersInRoles] ([UserIdentifier], [RoleIdentifier]) VALUES (N'24949588-81C0-4AE0-8D67-AE04011F41B4', (SELECT id FROM MembershipRole WHERE roleName='Standard Members'))

	--/**
	--* INSERT AUTOMATION SYSTEM PAGES
	--*/
	--INSERT [dbo].[SystemPage] ([Id], [Slug], [Title], [Content], [IsDeleted]) VALUES (N'3b2dee53-6f23-474c-b37a-adad00e4bdac', N'repeat-slug-test', N'Repeat Slug Test', N'<p>Random Content</p>
	--<p>&nbsp;</p>', 0)

	--/**
	--* INSERT AUTOMATION POSTS
	--*/
	--INSERT [dbo].[Post] ([Id], [PostContent], [DateCreated], [VoteCount], [DateEdited], [IsSolution], [IsDiscussionStarter], [InReplyTo], [Discussion_Id], [MembershipUser_Id], [ThreadId]) VALUES (N'b60990a8-e7ee-4f88-8363-ad7f010d40cd', N'<p>Discussion for general feature validation</p>', CAST(N'2021-08-09T16:20:19.240' AS DateTime), 0, CAST(N'2021-08-09T16:20:19.240' AS DateTime), 0, 1, NULL, N'493a2f0e-4195-4730-9f3c-ad7f010d40c8', N'd74ed860-9ea5-4c95-9394-ad3a00924fa5', NULL)
	--INSERT [dbo].[Post] ([Id], [PostContent], [DateCreated], [VoteCount], [DateEdited], [IsSolution], [IsDiscussionStarter], [InReplyTo], [Discussion_Id], [MembershipUser_Id], [ThreadId]) VALUES (N'ca5c5162-7a2a-482e-b15b-ad7f010e30cf', N'<p>Comment for Like test</p>', CAST(N'2021-08-09T16:23:44.043' AS DateTime), 0, CAST(N'2021-08-09T16:23:44.043' AS DateTime), 0, 0, NULL, N'493a2f0e-4195-4730-9f3c-ad7f010d40c8', N'd74ed860-9ea5-4c95-9394-ad3a00924fa5', NULL)
	--INSERT [dbo].[Post] ([Id], [PostContent], [DateCreated], [VoteCount], [DateEdited], [IsSolution], [IsDiscussionStarter], [InReplyTo], [Discussion_Id], [MembershipUser_Id], [ThreadId]) VALUES (N'edcc5437-b704-45d8-8972-ad7f010e2316', N'<p>First Comment</p>', CAST(N'2021-08-09T16:23:32.337' AS DateTime), 0, CAST(N'2021-08-09T16:23:32.337' AS DateTime), 0, 0, NULL, N'493a2f0e-4195-4730-9f3c-ad7f010d40c8', N'd74ed860-9ea5-4c95-9394-ad3a00924fa5', NULL)
	--INSERT [dbo].[Post] ([Id], [PostContent], [DateCreated], [VoteCount], [DateEdited], [IsSolution], [IsDiscussionStarter], [InReplyTo], [Discussion_Id], [MembershipUser_Id], [ThreadId]) VALUES (N'e56abf3c-7aa0-465a-a146-ad7f010e4acc', N'<p>Third Comment</p>', CAST(N'2021-08-09T16:24:06.220' AS DateTime), 0, CAST(N'2021-08-09T16:24:06.220' AS DateTime), 0, 0, NULL, N'493a2f0e-4195-4730-9f3c-ad7f010d40c8', N'd74ed860-9ea5-4c95-9394-ad3a00924fa5', NULL)
	--INSERT [dbo].[Post] ([Id], [PostContent], [DateCreated], [VoteCount], [DateEdited], [IsSolution], [IsDiscussionStarter], [InReplyTo], [Discussion_Id], [MembershipUser_Id], [ThreadId]) VALUES (N'bcca8784-0e5e-496c-9bbb-ad7f010e51b4', N'<p>Fourth Comment</p>', CAST(N'2021-08-09T16:24:12.117' AS DateTime), 0, CAST(N'2021-08-09T16:24:12.117' AS DateTime), 0, 0, NULL, N'493a2f0e-4195-4730-9f3c-ad7f010d40c8', N'd74ed860-9ea5-4c95-9394-ad3a00924fa5', NULL)
	--INSERT [dbo].[Post] ([Id], [PostContent], [DateCreated], [VoteCount], [DateEdited], [IsSolution], [IsDiscussionStarter], [InReplyTo], [Discussion_Id], [MembershipUser_Id], [ThreadId]) VALUES (N'e846a7bc-327a-4c05-89c7-ad7f010e5ed2', N'<p>Fifth Comment</p>', CAST(N'2021-08-09T16:24:23.310' AS DateTime), 0, CAST(N'2021-08-09T16:24:23.310' AS DateTime), 0, 0, NULL, N'493a2f0e-4195-4730-9f3c-ad7f010d40c8', N'd74ed860-9ea5-4c95-9394-ad3a00924fa5', NULL)
	--INSERT [dbo].[Post] ([Id], [PostContent], [DateCreated], [VoteCount], [DateEdited], [IsSolution], [IsDiscussionStarter], [InReplyTo], [Discussion_Id], [MembershipUser_Id], [ThreadId]) VALUES (N'e4940ced-087d-41e9-a350-ad7f010e6bc9', N'<p>Sixth Comment</p>', CAST(N'2021-08-09T16:24:34.373' AS DateTime), 0, CAST(N'2021-08-09T16:24:34.373' AS DateTime), 0, 0, NULL, N'493a2f0e-4195-4730-9f3c-ad7f010d40c8', N'd74ed860-9ea5-4c95-9394-ad3a00924fa5', NULL)
	--INSERT [dbo].[Post] ([Id], [PostContent], [DateCreated], [VoteCount], [DateEdited], [IsSolution], [IsDiscussionStarter], [InReplyTo], [Discussion_Id], [MembershipUser_Id], [ThreadId]) VALUES (N'69f7c324-3c63-4917-8b22-ad7f010e719e', N'<p>Seventh Comment</p>', CAST(N'2021-08-09T16:24:39.350' AS DateTime), 0, CAST(N'2021-08-09T16:24:39.350' AS DateTime), 0, 0, NULL, N'493a2f0e-4195-4730-9f3c-ad7f010d40c8', N'd74ed860-9ea5-4c95-9394-ad3a00924fa5', NULL)
	--INSERT [dbo].[Post] ([Id], [PostContent], [DateCreated], [VoteCount], [DateEdited], [IsSolution], [IsDiscussionStarter], [InReplyTo], [Discussion_Id], [MembershipUser_Id], [ThreadId]) VALUES (N'58ab24e5-f3f9-4f8d-aba9-ad7f010e809d', N'<p>Eighth Comment</p>', CAST(N'2021-08-09T16:24:52.147' AS DateTime), 0, CAST(N'2021-08-09T16:24:52.147' AS DateTime), 0, 0, NULL, N'493a2f0e-4195-4730-9f3c-ad7f010d40c8', N'd74ed860-9ea5-4c95-9394-ad3a00924fa5', NULL)
	--INSERT [dbo].[Post] ([Id], [PostContent], [DateCreated], [VoteCount], [DateEdited], [IsSolution], [IsDiscussionStarter], [InReplyTo], [Discussion_Id], [MembershipUser_Id], [ThreadId]) VALUES (N'107d1f85-3366-410c-8ffe-ad7f010e8586', N'<p>Ninth Comment</p>', CAST(N'2021-08-09T16:24:56.337' AS DateTime), 0, CAST(N'2021-08-09T16:24:56.337' AS DateTime), 0, 0, NULL, N'493a2f0e-4195-4730-9f3c-ad7f010d40c8', N'd74ed860-9ea5-4c95-9394-ad3a00924fa5', NULL)
	--INSERT [dbo].[Post] ([Id], [PostContent], [DateCreated], [VoteCount], [DateEdited], [IsSolution], [IsDiscussionStarter], [InReplyTo], [Discussion_Id], [MembershipUser_Id], [ThreadId]) VALUES (N'0e807603-6d32-4f4f-833b-ad7f010e903a', N'<p>Tenth Comment</p>', CAST(N'2021-08-09T16:25:05.470' AS DateTime), 0, CAST(N'2021-08-09T16:25:05.470' AS DateTime), 0, 0, NULL, N'493a2f0e-4195-4730-9f3c-ad7f010d40c8', N'd74ed860-9ea5-4c95-9394-ad3a00924fa5', NULL)
	--INSERT [dbo].[Post] ([Id], [PostContent], [DateCreated], [VoteCount], [DateEdited], [IsSolution], [IsDiscussionStarter], [InReplyTo], [Discussion_Id], [MembershipUser_Id], [ThreadId]) VALUES (N'e28ed14b-46ae-4fdd-8988-ad7f010e959c', N'<p>Eleventh Comment</p>', CAST(N'2021-08-09T16:25:10.063' AS DateTime), 0, CAST(N'2021-08-09T16:25:10.063' AS DateTime), 0, 0, NULL, N'493a2f0e-4195-4730-9f3c-ad7f010d40c8', N'd74ed860-9ea5-4c95-9394-ad3a00924fa5', NULL)
	--INSERT [dbo].[Post] ([Id], [PostContent], [DateCreated], [VoteCount], [DateEdited], [IsSolution], [IsDiscussionStarter], [InReplyTo], [Discussion_Id], [MembershipUser_Id], [ThreadId]) VALUES (NEWID(), N'<p>First Comment</p>', CAST(N'2021-08-09T16:23:32.337' AS DateTime), 0, CAST(N'2021-08-09T16:23:32.337' AS DateTime), 0, 0, NULL, N'83702899-fdbf-49ed-bb1d-adda00f757c3', N'd74ed860-9ea5-4c95-9394-ad3a00924fa5', NULL)
	--INSERT [dbo].[Post] ([Id], [PostContent], [DateCreated], [VoteCount], [DateEdited], [IsSolution], [IsDiscussionStarter], [InReplyTo], [Discussion_Id], [MembershipUser_Id], [ThreadId]) VALUES (NEWID(), N'<p>Third Comment</p>', CAST(N'2021-08-09T16:24:06.220' AS DateTime), 0, CAST(N'2021-08-09T16:24:06.220' AS DateTime), 0, 0, NULL, N'83702899-fdbf-49ed-bb1d-adda00f757c3', N'd74ed860-9ea5-4c95-9394-ad3a00924fa5', NULL)
	--INSERT [dbo].[Post] ([Id], [PostContent], [DateCreated], [VoteCount], [DateEdited], [IsSolution], [IsDiscussionStarter], [InReplyTo], [Discussion_Id], [MembershipUser_Id], [ThreadId]) VALUES (NEWID(), N'<p>Fourth Comment</p>', CAST(N'2021-08-09T16:24:12.117' AS DateTime), 0, CAST(N'2021-08-09T16:24:12.117' AS DateTime), 0, 0, NULL, N'83702899-fdbf-49ed-bb1d-adda00f757c3', N'd74ed860-9ea5-4c95-9394-ad3a00924fa5', NULL)
	--INSERT [dbo].[Post] ([Id], [PostContent], [DateCreated], [VoteCount], [DateEdited], [IsSolution], [IsDiscussionStarter], [InReplyTo], [Discussion_Id], [MembershipUser_Id], [ThreadId]) VALUES (NEWID(), N'<p>Fifth Comment</p>', CAST(N'2021-08-09T16:24:23.310' AS DateTime), 0, CAST(N'2021-08-09T16:24:23.310' AS DateTime), 0, 0, NULL, N'83702899-fdbf-49ed-bb1d-adda00f757c3', N'd74ed860-9ea5-4c95-9394-ad3a00924fa5', NULL)
	--INSERT [dbo].[Post] ([Id], [PostContent], [DateCreated], [VoteCount], [DateEdited], [IsSolution], [IsDiscussionStarter], [InReplyTo], [Discussion_Id], [MembershipUser_Id], [ThreadId]) VALUES (NEWID(), N'<p>Sixth Comment</p>', CAST(N'2021-08-09T16:24:34.373' AS DateTime), 0, CAST(N'2021-08-09T16:24:34.373' AS DateTime), 0, 0, NULL, N'83702899-fdbf-49ed-bb1d-adda00f757c3', N'd74ed860-9ea5-4c95-9394-ad3a00924fa5', NULL)
	--INSERT [dbo].[Post] ([Id], [PostContent], [DateCreated], [VoteCount], [DateEdited], [IsSolution], [IsDiscussionStarter], [InReplyTo], [Discussion_Id], [MembershipUser_Id], [ThreadId]) VALUES (NEWID(), N'<p>Seventh Comment</p>', CAST(N'2021-08-09T16:24:39.350' AS DateTime), 0, CAST(N'2021-08-09T16:24:39.350' AS DateTime), 0, 0, NULL, N'83702899-fdbf-49ed-bb1d-adda00f757c3', N'd74ed860-9ea5-4c95-9394-ad3a00924fa5', NULL)
	--INSERT [dbo].[Post] ([Id], [PostContent], [DateCreated], [VoteCount], [DateEdited], [IsSolution], [IsDiscussionStarter], [InReplyTo], [Discussion_Id], [MembershipUser_Id], [ThreadId]) VALUES (NEWID(), N'<p>Eighth Comment</p>', CAST(N'2021-08-09T16:24:52.147' AS DateTime), 0, CAST(N'2021-08-09T16:24:52.147' AS DateTime), 0, 0, NULL, N'83702899-fdbf-49ed-bb1d-adda00f757c3', N'd74ed860-9ea5-4c95-9394-ad3a00924fa5', NULL)
	--INSERT [dbo].[Post] ([Id], [PostContent], [DateCreated], [VoteCount], [DateEdited], [IsSolution], [IsDiscussionStarter], [InReplyTo], [Discussion_Id], [MembershipUser_Id], [ThreadId]) VALUES (NEWID(), N'<p>Ninth Comment</p>', CAST(N'2021-08-09T16:24:56.337' AS DateTime), 0, CAST(N'2021-08-09T16:24:56.337' AS DateTime), 0, 0, NULL, N'83702899-fdbf-49ed-bb1d-adda00f757c3', N'd74ed860-9ea5-4c95-9394-ad3a00924fa5', NULL)
	--INSERT [dbo].[Post] ([Id], [PostContent], [DateCreated], [VoteCount], [DateEdited], [IsSolution], [IsDiscussionStarter], [InReplyTo], [Discussion_Id], [MembershipUser_Id], [ThreadId]) VALUES (NEWID(), N'<p>Tenth Comment</p>', CAST(N'2021-08-09T16:25:05.470' AS DateTime), 0, CAST(N'2021-08-09T16:25:05.470' AS DateTime), 0, 0, NULL, N'83702899-fdbf-49ed-bb1d-adda00f757c3', N'd74ed860-9ea5-4c95-9394-ad3a00924fa5', NULL)
	--INSERT [dbo].[Post] ([Id], [PostContent], [DateCreated], [VoteCount], [DateEdited], [IsSolution], [IsDiscussionStarter], [InReplyTo], [Discussion_Id], [MembershipUser_Id], [ThreadId]) VALUES (NEWID(), N'<p>Eleventh Comment</p>', CAST(N'2021-08-09T16:25:10.063' AS DateTime), 0, CAST(N'2021-08-09T16:25:10.063' AS DateTime), 0, 0, NULL, N'83702899-fdbf-49ed-bb1d-adda00f757c3', N'd74ed860-9ea5-4c95-9394-ad3a00924fa5', NULL)
	--INSERT [dbo].[Post] ([Id], [PostContent], [DateCreated], [VoteCount], [DateEdited], [IsSolution], [IsDiscussionStarter], [InReplyTo], [Discussion_Id], [MembershipUser_Id], [ThreadId]) VALUES (N'43ef1b53-3305-4ed3-be48-ad7f010eb4b1', N'<p>Blank Discussion</p>', CAST(N'2021-08-09T16:25:36.587' AS DateTime), 0, CAST(N'2021-08-09T16:25:36.587' AS DateTime), 0, 1, NULL, N'3fbc0d4e-c2a7-46a0-99e9-ad7f010eb4ad', N'd74ed860-9ea5-4c95-9394-ad3a00924fa5', NULL)
	--INSERT [dbo].[Post] ([Id], [PostContent], [DateCreated], [VoteCount], [DateEdited], [IsSolution], [IsDiscussionStarter], [InReplyTo], [Discussion_Id], [MembershipUser_Id], [ThreadId]) VALUES (N'c5f6c826-6383-4010-8bdc-ad7f010ebe89', N'<p>Blank Discussion</p>', CAST(N'2021-08-09T16:25:44.987' AS DateTime), 0, CAST(N'2021-08-09T16:25:44.987' AS DateTime), 0, 1, NULL, N'a4bf9b51-d145-4601-92b6-ad7f010ebe84', N'd74ed860-9ea5-4c95-9394-ad3a00924fa5', NULL)
	--INSERT [dbo].[Post] ([Id], [PostContent], [DateCreated], [VoteCount], [DateEdited], [IsSolution], [IsDiscussionStarter], [InReplyTo], [Discussion_Id], [MembershipUser_Id], [ThreadId]) VALUES (N'31e3dfff-bc43-4e3c-b151-ad7f010ec734', N'<p>Blank Discussion</p>', CAST(N'2021-08-09T16:25:52.383' AS DateTime), 0, CAST(N'2021-08-09T16:25:52.383' AS DateTime), 0, 1, NULL, N'6ea66f95-24bc-4179-94f4-ad7f010ec730', N'd74ed860-9ea5-4c95-9394-ad3a00924fa5', NULL)
	--INSERT [dbo].[Post] ([Id], [PostContent], [DateCreated], [VoteCount], [DateEdited], [IsSolution], [IsDiscussionStarter], [InReplyTo], [Discussion_Id], [MembershipUser_Id], [ThreadId]) VALUES (N'3f1f8b06-c7ad-4af4-8a1e-ad7f010ece9d', N'<p>Blank Discussion</p>', CAST(N'2021-08-09T16:25:58.707' AS DateTime), 0, CAST(N'2021-08-09T16:25:58.707' AS DateTime), 0, 1, NULL, N'a6da1550-066f-4ae6-ae98-ad7f010ece99', N'd74ed860-9ea5-4c95-9394-ad3a00924fa5', NULL)
	--INSERT [dbo].[Post] ([Id], [PostContent], [DateCreated], [VoteCount], [DateEdited], [IsSolution], [IsDiscussionStarter], [InReplyTo], [Discussion_Id], [MembershipUser_Id], [ThreadId]) VALUES (N'fe43e990-bd97-4c01-95b5-ad7f010ed727', N'<p>Blank Discussion</p>', CAST(N'2021-08-09T16:26:05.993' AS DateTime), 0, CAST(N'2021-08-09T16:26:05.993' AS DateTime), 0, 1, NULL, N'e1d477d3-dfb0-4acd-b74d-ad7f010ed722', N'd74ed860-9ea5-4c95-9394-ad3a00924fa5', NULL)
	--INSERT [dbo].[Post] ([Id], [PostContent], [DateCreated], [VoteCount], [DateEdited], [IsSolution], [IsDiscussionStarter], [InReplyTo], [Discussion_Id], [MembershipUser_Id], [ThreadId]) VALUES (N'bd93e3dc-df5e-4730-a017-ad8200ce7d69', N'<p>Discussion to validate group card in groups list</p>', CAST(N'2021-08-12T12:31:48.403' AS DateTime), 0, CAST(N'2021-08-12T12:31:48.403' AS DateTime), 0, 1, NULL, N'55f516e0-9117-4a43-9363-ad8200ce7d1a', N'd74ed860-9ea5-4c95-9394-ad3a00924fa5', NULL)
	--INSERT [dbo].[Post] ([Id], [PostContent], [DateCreated], [VoteCount], [DateEdited], [IsSolution], [IsDiscussionStarter], [InReplyTo], [Discussion_Id], [MembershipUser_Id], [ThreadId]) VALUES (N'767fb29c-0be9-4cb4-8aaf-ad8800b0a6bd', N'<p>Discussion for scenarios for forumNavigation and forumSubmission features</p>', CAST(N'2021-08-18T10:43:10.067' AS DateTime), 0, CAST(N'2021-08-18T10:43:10.067' AS DateTime), 0, 1, NULL, N'96b155ba-e8de-40e3-980e-ad8800b0a6b8', N'd74ed860-9ea5-4c95-9394-ad3a00924fa5', NULL)
	--INSERT [dbo].[Post] ([Id], [PostContent], [DateCreated], [VoteCount], [DateEdited], [IsSolution], [IsDiscussionStarter], [InReplyTo], [Discussion_Id], [MembershipUser_Id], [ThreadId]) VALUES (N'80d3fc63-4852-4163-98ac-ad880118903c', N'<p>First blank reply</p>', CAST(N'2021-08-18T17:01:30.010' AS DateTime), 0, CAST(N'2021-08-18T17:01:30.010' AS DateTime), 0, 0, N'edcc5437-b704-45d8-8972-ad7f010e2316', N'493a2f0e-4195-4730-9f3c-ad7f010d40c8', N'7db6f2c4-6bf3-4178-967f-ad3a0092a580', N'edcc5437-b704-45d8-8972-ad7f010e2316')
	--INSERT [dbo].[Post] ([Id], [PostContent], [DateCreated], [VoteCount], [DateEdited], [IsSolution], [IsDiscussionStarter], [InReplyTo], [Discussion_Id], [MembershipUser_Id], [ThreadId]) VALUES (N'5313414a-ac9d-49eb-af90-ad880118b1ca', N'<p>Second blank reply</p>', CAST(N'2021-08-18T17:01:58.640' AS DateTime), 0, CAST(N'2021-08-18T17:01:58.640' AS DateTime), 0, 0, N'edcc5437-b704-45d8-8972-ad7f010e2316', N'493a2f0e-4195-4730-9f3c-ad7f010d40c8', N'7db6f2c4-6bf3-4178-967f-ad3a0092a580', N'edcc5437-b704-45d8-8972-ad7f010e2316')
	--INSERT [dbo].[Post] ([Id], [PostContent], [DateCreated], [VoteCount], [DateEdited], [IsSolution], [IsDiscussionStarter], [InReplyTo], [Discussion_Id], [MembershipUser_Id], [ThreadId]) VALUES (N'b578b2e5-cce4-4e84-9e64-ad880118bce2', N'<p>Third blank reply</p>', CAST(N'2021-08-18T17:02:08.110' AS DateTime), 0, CAST(N'2021-08-18T17:02:08.110' AS DateTime), 0, 0, N'edcc5437-b704-45d8-8972-ad7f010e2316', N'493a2f0e-4195-4730-9f3c-ad7f010d40c8', N'7db6f2c4-6bf3-4178-967f-ad3a0092a580', N'edcc5437-b704-45d8-8972-ad7f010e2316')
	--INSERT [dbo].[Post] ([Id], [PostContent], [DateCreated], [VoteCount], [DateEdited], [IsSolution], [IsDiscussionStarter], [InReplyTo], [Discussion_Id], [MembershipUser_Id], [ThreadId]) VALUES (N'c30117fc-dbb5-453c-9968-ad880118c70e', N'<p>Fourth blank reply</p>', CAST(N'2021-08-18T17:02:16.790' AS DateTime), 0, CAST(N'2021-08-18T17:02:16.790' AS DateTime), 0, 0, N'edcc5437-b704-45d8-8972-ad7f010e2316', N'493a2f0e-4195-4730-9f3c-ad7f010d40c8', N'7db6f2c4-6bf3-4178-967f-ad3a0092a580', N'edcc5437-b704-45d8-8972-ad7f010e2316')
	--INSERT [dbo].[Post] ([Id], [PostContent], [DateCreated], [VoteCount], [DateEdited], [IsSolution], [IsDiscussionStarter], [InReplyTo], [Discussion_Id], [MembershipUser_Id], [ThreadId]) VALUES (N'1af57d07-9012-4511-b9fc-ad88012033b0', N'<p>This is a comment to reply to</p>', CAST(N'2021-08-18T17:29:18.663' AS DateTime), 0, CAST(N'2021-08-18T17:29:18.663' AS DateTime), 0, 0, NULL, N'96b155ba-e8de-40e3-980e-ad8800b0a6b8', N'd74ed860-9ea5-4c95-9394-ad3a00924fa5', NULL)
	--INSERT [dbo].[Post] ([Id], [PostContent], [DateCreated], [VoteCount], [DateEdited], [IsSolution], [IsDiscussionStarter], [InReplyTo], [Discussion_Id], [MembershipUser_Id], [ThreadId]) VALUES (N'6eeff50c-291c-43b1-b6eb-ad8801206f0a', N'<p>Unable to reply to comment test</p>', CAST(N'2021-08-18T17:30:09.307' AS DateTime), 0, CAST(N'2021-08-18T17:30:09.307' AS DateTime), 0, 0, NULL, N'96b155ba-e8de-40e3-980e-ad8800b0a6b8', N'7db6f2c4-6bf3-4178-967f-ad3a0092a580', NULL)
	--INSERT [dbo].[Post] ([Id], [PostContent], [DateCreated], [VoteCount], [DateEdited], [IsSolution], [IsDiscussionStarter], [InReplyTo], [Discussion_Id], [MembershipUser_Id], [ThreadId]) VALUES (N'4a512026-67e2-4abb-8708-adda00f757c7', N'<p>Discussion Comment</p>', CAST(N'2021-11-08T15:00:32.873' AS DateTime), 0, CAST(N'2021-11-08T15:00:32.873' AS DateTime), 0, 1, NULL, N'83702899-fdbf-49ed-bb1d-adda00f757c3', N'a51c9076-cf85-42da-bb30-adda00f5b3c6', NULL)
	--INSERT [dbo].[Post] ([Id], [PostContent], [DateCreated], [VoteCount], [DateEdited], [IsSolution], [IsDiscussionStarter], [InReplyTo], [Discussion_Id], [MembershipUser_Id], [ThreadId]) VALUES (N'd2eefbdb-518d-4c17-a6e8-adda00f76393', N'<p>New Comment</p>', CAST(N'2021-11-08T15:00:42.940' AS DateTime), 0, CAST(N'2021-11-08T15:00:42.940' AS DateTime), 0, 1, NULL, N'5889c069-5061-403b-93f6-adda00f7638a', N'a51c9076-cf85-42da-bb30-adda00f5b3c6', NULL)
	--INSERT [dbo].[Post] ([Id], [PostContent], [DateCreated], [VoteCount], [DateEdited], [IsSolution], [IsDiscussionStarter], [InReplyTo], [Discussion_Id], [MembershipUser_Id], [ThreadId]) VALUES (N'67cb67bd-0238-450d-a498-adda00f770d5', N'<p>New Comment</p>', CAST(N'2021-11-08T15:00:54.253' AS DateTime), 0, CAST(N'2021-11-08T15:00:54.253' AS DateTime), 0, 1, NULL, N'f91c0e75-9d3d-4700-9efb-adda00f770d0', N'a51c9076-cf85-42da-bb30-adda00f5b3c6', NULL)

	--/**
	--* INSERT AUTOMATION DiscussionS
	--*/
	--INSERT [dbo].[Discussion] ([Id], [Name], [CreateDate], [Solved], [Slug], [Views], [IsSticky], [IsLocked], [Group_Id], [Post_Id], [MembershipUser_Id]) VALUES (N'493a2f0e-4195-4730-9f3c-ad7f010d40c8', N'General Discussion Validation', CAST(N'2021-08-09T16:20:19.223' AS DateTime), 0, N'general-discussion-validation', 0, 1, 0, N'2d841d48-9753-463f-aff2-ad3a0093f48b', N'c30117fc-dbb5-453c-9968-ad880118c70e',N'd74ed860-9ea5-4c95-9394-ad3a00924fa5')
	--INSERT [dbo].[Discussion] ([Id], [Name], [CreateDate], [Solved], [Slug], [Views], [IsSticky], [IsLocked], [Group_Id], [Post_Id], [MembershipUser_Id]) VALUES (N'3fbc0d4e-c2a7-46a0-99e9-ad7f010eb4ad', N'First Blank Discussion', CAST(N'2021-08-09T16:25:36.570' AS DateTime), 0, N'first-blank-discussion', 0, 0, 0, N'2d841d48-9753-463f-aff2-ad3a0093f48b', N'43ef1b53-3305-4ed3-be48-ad7f010eb4b1',N'd74ed860-9ea5-4c95-9394-ad3a00924fa5')
	--INSERT [dbo].[Discussion] ([Id], [Name], [CreateDate], [Solved], [Slug], [Views], [IsSticky], [IsLocked], [Group_Id], [Post_Id], [MembershipUser_Id]) VALUES (N'a4bf9b51-d145-4601-92b6-ad7f010ebe84', N'Second Blank Discussion', CAST(N'2021-08-09T16:25:44.970' AS DateTime), 0, N'second-blank-discussion', 0, 0, 0, N'2d841d48-9753-463f-aff2-ad3a0093f48b', N'c5f6c826-6383-4010-8bdc-ad7f010ebe89',N'd74ed860-9ea5-4c95-9394-ad3a00924fa5')
	--INSERT [dbo].[Discussion] ([Id], [Name], [CreateDate], [Solved], [Slug], [Views], [IsSticky], [IsLocked], [Group_Id], [Post_Id], [MembershipUser_Id]) VALUES (N'6ea66f95-24bc-4179-94f4-ad7f010ec730', N'Third Blank Discussion', CAST(N'2021-08-09T16:25:52.367' AS DateTime), 0, N'third-blank-discussion', 0, 0, 0, N'2d841d48-9753-463f-aff2-ad3a0093f48b', N'31e3dfff-bc43-4e3c-b151-ad7f010ec734',N'd74ed860-9ea5-4c95-9394-ad3a00924fa5')
	--INSERT [dbo].[Discussion] ([Id], [Name], [CreateDate], [Solved], [Slug], [Views], [IsSticky], [IsLocked], [Group_Id], [Post_Id], [MembershipUser_Id]) VALUES (N'a6da1550-066f-4ae6-ae98-ad7f010ece99', N'Fourth Blank Discussion', CAST(N'2021-08-09T16:25:58.690' AS DateTime), 0, N'fourth-blank-discussion', 0, 0, 0, N'2d841d48-9753-463f-aff2-ad3a0093f48b', N'3f1f8b06-c7ad-4af4-8a1e-ad7f010ece9d',N'd74ed860-9ea5-4c95-9394-ad3a00924fa5')
	--INSERT [dbo].[Discussion] ([Id], [Name], [CreateDate], [Solved], [Slug], [Views], [IsSticky], [IsLocked], [Group_Id], [Post_Id], [MembershipUser_Id]) VALUES (N'e1d477d3-dfb0-4acd-b74d-ad7f010ed722', N'Fifth Blank Discussion', CAST(N'2021-08-09T16:26:05.977' AS DateTime), 0, N'fifth-blank-discussion', 0, 0, 0, N'2d841d48-9753-463f-aff2-ad3a0093f48b', N'fe43e990-bd97-4c01-95b5-ad7f010ed727',N'd74ed860-9ea5-4c95-9394-ad3a00924fa5')
	--INSERT [dbo].[Discussion] ([Id], [Name], [CreateDate], [Solved], [Slug], [Views], [IsSticky], [IsLocked], [Group_Id], [Post_Id], [MembershipUser_Id]) VALUES (N'55f516e0-9117-4a43-9363-ad8200ce7d1a', N'Blank Discussion', CAST(N'2021-08-12T12:31:48.137' AS DateTime), 0, N'blank-discussion', 0, 0, 0, N'0d1ea1e0-83f9-491f-b99a-ad4000df7f09', N'bd93e3dc-df5e-4730-a017-ad8200ce7d69',N'd74ed860-9ea5-4c95-9394-ad3a00924fa5')
	--INSERT [dbo].[Discussion] ([Id], [Name], [CreateDate], [Solved], [Slug], [Views], [IsSticky], [IsLocked], [Group_Id], [Post_Id], [MembershipUser_Id]) VALUES (N'96b155ba-e8de-40e3-980e-ad8800b0a6b8', N'forumSubmission Discussion', CAST(N'2021-08-18T10:43:10.053' AS DateTime), 0, N'forumsubmission-discussion', 0, 1, 0, N'2d841d48-9753-463f-aff2-ad3a0093f48b', N'767fb29c-0be9-4cb4-8aaf-ad8800b0a6bd',N'd74ed860-9ea5-4c95-9394-ad3a00924fa5')
	--INSERT [dbo].[Discussion] ([Id], [Name], [CreateDate], [Solved], [Slug], [Views], [IsSticky], [IsLocked], [Group_Id], [Post_Id], [MembershipUser_Id]) VALUES (N'83702899-fdbf-49ed-bb1d-adda00f757c3', N'New Discussion 1', CAST(N'2021-11-08T15:00:32.860' AS DateTime), 0, N'new-Discussion-1', 0, 0, 0, N'41234726-7e93-4767-afbe-adda00f560a2', N'4a512026-67e2-4abb-8708-adda00f757c7',N'a51c9076-cf85-42da-bb30-adda00f5b3c6')
	--INSERT [dbo].[Discussion] ([Id], [Name], [CreateDate], [Solved], [Slug], [Views], [IsSticky], [IsLocked], [Group_Id], [Post_Id], [MembershipUser_Id]) VALUES (N'5889c069-5061-403b-93f6-adda00f7638a', N'New Discussion 2', CAST(N'2021-11-08T15:00:42.910' AS DateTime), 0, N'new-Discussion-2', 0, 0, 0, N'41234726-7e93-4767-afbe-adda00f560a2', N'd2eefbdb-518d-4c17-a6e8-adda00f76393',N'a51c9076-cf85-42da-bb30-adda00f5b3c6')
	--INSERT [dbo].[Discussion] ([Id], [Name], [CreateDate], [Solved], [Slug], [Views], [IsSticky], [IsLocked], [Group_Id], [Post_Id], [MembershipUser_Id]) VALUES (N'f91c0e75-9d3d-4700-9efb-adda00f770d0', N'New Discussion 3', CAST(N'2021-11-08T15:00:54.237' AS DateTime), 0, N'new-Discussion-3', 0, 0, 0, N'41234726-7e93-4767-afbe-adda00f560a2', N'67cb67bd-0238-450d-a498-adda00f770d5',N'a51c9076-cf85-42da-bb30-adda00f5b3c6')

	--/**
	--* INSERT GROUP PERMISSIONS FOR ROLE
	--*/
	--INSERT [dbo].[GroupPermissionForRole] ([Id], [IsTicked], [Group_Id], [MembershipRole_Id], [Permission_Id]) VALUES (N'f7de7d85-7fb9-48cc-a0f3-ae2000bbeae7', 1, N'2d841d48-9753-463f-aff2-ad3a0093f48b', N'f8ca6f25-305a-4b03-a789-ad36011e9d1c', N'd21443bc-c174-47da-b804-ad36011e9e23')
	--INSERT [dbo].[GroupPermissionForRole] ([Id], [IsTicked], [Group_Id], [MembershipRole_Id], [Permission_Id]) VALUES (N'c4371a44-0626-4f95-8d7f-ae2000bbee46', 1, N'0d1ea1e0-83f9-491f-b99a-ad4000df7f09', N'f8ca6f25-305a-4b03-a789-ad36011e9d1c', N'd21443bc-c174-47da-b804-ad36011e9e23')
	--INSERT [dbo].[GroupPermissionForRole] ([Id], [IsTicked], [Group_Id], [MembershipRole_Id], [Permission_Id]) VALUES (N'077f3cc8-d169-4e96-b347-ae2000bbf034', 1, N'3e4a64dc-664a-4388-bc52-ad950106fb30', N'f8ca6f25-305a-4b03-a789-ad36011e9d1c', N'd21443bc-c174-47da-b804-ad36011e9e23')
	--INSERT [dbo].[GroupPermissionForRole] ([Id], [IsTicked], [Group_Id], [MembershipRole_Id], [Permission_Id]) VALUES (N'810ad7e2-9cb9-48df-aa09-ae2000bbf2a4', 1, N'61de48cf-686e-483d-84cf-ad95010721d3', N'f8ca6f25-305a-4b03-a789-ad36011e9d1c', N'd21443bc-c174-47da-b804-ad36011e9e23')
	--INSERT [dbo].[GroupPermissionForRole] ([Id], [IsTicked], [Group_Id], [MembershipRole_Id], [Permission_Id]) VALUES (N'ebf1dec4-594d-4af9-a725-ae2000bbf3d6', 1, N'41234726-7e93-4767-afbe-adda00f560a2', N'f8ca6f25-305a-4b03-a789-ad36011e9d1c', N'd21443bc-c174-47da-b804-ad36011e9e23')
	--INSERT [dbo].[GroupPermissionForRole] ([Id], [IsTicked], [Group_Id], [MembershipRole_Id], [Permission_Id]) VALUES (N'e07e6296-6d39-4c90-8370-ae2000bbf9ae', 1, N'b8c36360-ecbe-4ade-a3c2-adfd00f01faf', N'f8ca6f25-305a-4b03-a789-ad36011e9d1c', N'd21443bc-c174-47da-b804-ad36011e9e23')

    -- Re-enable constraints for all tables:
    EXEC sp_msforeachtable 'ALTER TABLE ? WITH CHECK CHECK CONSTRAINT all';	

END